AA index,Tom,297,17.6,Yoyo,HMS-Beagle,Nomad,EFV,BFV,FFV
1,0.24454641350210968,0.20817204301075268,0.1925816993464052,0.17173076923076924,0.22261880165289255,0.251971971971972,0.3221204579392733,0.3293322243346007,0.24802688638334774
2,0.26347573839662447,0.22449462365591394,0.21608932461873637,0.1846153846153846,0.2478667355371901,0.274934934934935,0.36254853160776507,0.3686406844106463,0.27176279271465736
3,0.28905590717299573,0.24483870967741933,0.2386928104575163,0.20384615384615384,0.27797004132231407,0.305965965965966,0.38667496266799406,0.39704847908745244,0.30483304423243707
4,0.3118222573839662,0.2694408602150538,0.25880991285403054,0.2209615384615385,0.29884814049586783,0.33265265265265265,0.41471378795420616,0.42545627376425854,0.33656981786643536
5,0.32461234177215187,0.2852903225806452,0.27440631808278865,0.23750000000000004,0.31972623966942154,0.3602702702702703,0.443730711796914,0.4548550380228137,0.35577189939288806
6,0.34354166666666663,0.3027956989247312,0.29452342047930274,0.24596153846153848,0.33720557851239674,0.38261261261261265,0.47176953708312597,0.4941634980988593,0.37870771899392885
7,0.365540611814346,0.3191182795698925,0.3096677559912853,0.2655769230769231,0.3546849173553719,0.42109109109109105,0.4942658038825286,0.5334719581749049,0.40164353859496965
8,0.38395833333333323,0.33662365591397847,0.31961328976034853,0.2805769230769231,0.3709504132231405,0.45274274274274273,0.5223046291687407,0.556264258555133,0.43471379011274935
9,0.4059572784810126,0.3489247311827957,0.33724400871459687,0.29019230769230775,0.3998398760330578,0.4803603603603604,0.5513215530114485,0.5972243346007603,0.4576496097137901
10,0.43153744725738385,0.36926881720430105,0.3598474945533768,0.3073076923076924,0.42994318181818175,0.5172872872872873,0.5793603782976605,0.6216682509505701,0.46938421509106676
11,0.4535363924050632,0.38559139784946234,0.37657407407407395,0.3238461538461539,0.44790805785123966,0.5380780780780781,0.6073992035838726,0.6500760456273763,0.4891196877710321
12,0.4535363924050632,0.3884301075268818,0.3761220043572984,0.3263461538461539,0.4457231404958677,0.5430430430430431,0.6119636635141862,0.6471031368821291,0.489119687771032
13,0.4650474683544303,0.38133333333333325,0.3768001089324618,0.319423076923077,0.45009297520661157,0.5585585585585586,0.6126157292185167,0.6441302281368821,0.49445359930615795
14,0.47348892405063286,0.3919784946236559,0.3713752723311547,0.3107692307692308,0.454948347107438,0.57004004004004,0.6109855649576904,0.6550308935361217,0.5032545533391154
15,0.470675105485232,0.396,0.3758959694989107,0.31365384615384617,0.4508212809917356,0.5821421421421422,0.6047909407665505,0.6665922053231939,0.5032545533391154
16,0.47067510548523206,0.3955268817204301,0.38177287581699343,0.3136538461538462,0.4435382231404959,0.5864864864864866,0.5894673967147834,0.6656012357414447,0.5144557675628795
17,0.47732594936708855,0.4021505376344086,0.3817728758169935,0.31365384615384617,0.4508212809917356,0.5737637637637639,0.5747959183673468,0.6656012357414448,0.511255420641804
18,0.47732594936708855,0.4016774193548387,0.3885539215686274,0.32153846153846155,0.4544628099173553,0.5774874874874876,0.5747959183673469,0.6616373574144485,0.5245901994796184
19,0.470675105485232,0.40167741935483875,0.3919444444444445,0.32019230769230766,0.46441632231404956,0.5883483483483485,0.5761000497760079,0.6725380228136881,0.5200563746747615
20,0.4673496835443038,0.4078279569892473,0.39465686274509804,0.31980769230769235,0.4576188016528925,0.6038638638638639,0.5777302140368342,0.6840993346007603,0.5160559410234171
21,0.4614662447257384,0.4078279569892473,0.39465686274509804,0.3198076923076923,0.44912190082644626,0.6153453453453455,0.5725136884021902,0.695,0.5072549869904597
22,0.4568618143459915,0.40356989247311825,0.39036220043572983,0.31769230769230766,0.45203512396694207,0.6162762762762763,0.5708835241413638,0.6840993346007604,0.5067215958369471
23,0.4606988396624472,0.40830107526881715,0.3862935729847494,0.321923076923077,0.44839359504132226,0.6141041041041041,0.5708835241413638,0.6692347908745246,0.5096552471812663
24,0.45404799578059074,0.40380645161290324,0.3792864923747276,0.3192307692307693,0.4357696280991735,0.62,0.5708835241413639,0.6745199619771862,0.5083217692974847
25,0.448420358649789,0.3995483870967742,0.3792864923747276,0.3213461538461539,0.43285640495867767,0.6147247247247247,0.5708835241413638,0.6745199619771862,0.5003209019947962
26,0.4545595991561181,0.404752688172043,0.38380718954248355,0.3276923076923077,0.43674070247933877,0.6147247247247247,0.5806645097063214,0.6679134980988592,0.5048547267996532
27,0.4583966244725738,0.404752688172043,0.37928649237472756,0.3357692307692307,0.43552685950413217,0.6131731731731732,0.5806645097063216,0.6580038022813689,0.5136556808326106
28,0.46197784810126585,0.4042795698924731,0.3808687363834421,0.33115384615384613,0.44815082644628096,0.597037037037037,0.5764260826281733,0.6580038022813688,0.5136556808326106
29,0.459164029535865,0.4042795698924731,0.3876497821350762,0.3326923076923077,0.45082128099173546,0.593003003003003,0.5764260826281732,0.6636192965779467,0.5035212489158717
30,0.45711761603375517,0.4123225806451613,0.390136165577342,0.34230769230769237,0.45082128099173546,0.6038638638638639,0.5715355898456943,0.6441302281368821,0.5035212489158717
31,0.45762921940928264,0.41563440860215056,0.37747821350762517,0.3417307692307693,0.4415960743801653,0.5892792792792793,0.5822946739671478,0.6606463878326996,0.5147224631396358
32,0.45839662447257384,0.4111397849462366,0.383355119825708,0.3444230769230769,0.4452376033057851,0.606966966966967,0.5946839223494276,0.6566825095057033,0.5157892454466609
33,0.4660706751054852,0.41113978494623654,0.3939787581699345,0.3398076923076923,0.4510640495867768,0.6122422422422422,0.5891413638626181,0.6745199619771862,0.5120555073720728
34,0.45839662447257384,0.41468817204301084,0.39149237472766873,0.3473076923076924,0.447422520661157,0.5945545545545545,0.590119462419114,0.6675831749049429,0.5088551604509973
35,0.44560654008438816,0.4023870967741936,0.40030773420479293,0.34961538461538466,0.43844008264462814,0.5892792792792793,0.5910975609756096,0.6566825095057033,0.4909865568083261
36,0.448420358649789,0.40948387096774197,0.3914923747276688,0.35173076923076924,0.44790805785123966,0.5849349349349349,0.5972921851667495,0.6401663498098858,0.49098655680832604
37,0.4440717299578058,0.413505376344086,0.38900599128540303,0.3586538461538462,0.44790805785123966,0.5812112112112112,0.6126157292185166,0.6355418250950571,0.485385949696444
38,0.44049050632911396,0.40688172043010756,0.39217047930283216,0.36365384615384616,0.4520351239669421,0.5793493493493493,0.6272872075659531,0.6246411596958176,0.4885862966175195
39,0.43972310126582265,0.41350537634408596,0.386745642701525,0.3573076923076923,0.44936466942148756,0.5836936936936938,0.6318516674962668,0.614731463878327,0.4885862966175195
40,0.43102584388185655,0.4094838709677419,0.386745642701525,0.3615384615384616,0.44208161157024795,0.588968968968969,0.6311996017919362,0.6048217680608365,0.4819189071986123
41,0.42667721518987334,0.40617204301075266,0.3840332244008715,0.3642307692307692,0.43892561983471073,0.5734534534534536,0.6289173718267795,0.6048217680608364,0.4851192541196877
42,0.43435126582278477,0.4094838709677419,0.39284858387799565,0.36692307692307696,0.45154958677685947,0.5725225225225226,0.639676455948233,0.594912072243346,0.4939202081526452
43,0.4312816455696203,0.4009677419354839,0.38697167755991285,0.3684615384615385,0.4595609504132231,0.5833833833833835,0.6298954703832753,0.6058127376425856,0.5077883781439723
44,0.43051424050632914,0.39623655913978495,0.38425925925925936,0.3678846153846154,0.4595609504132231,0.5902102102102101,0.6282653061224489,0.6068037072243345,0.504854726799653
45,0.43435126582278477,0.3978924731182795,0.38041666666666674,0.36788461538461537,0.46368801652892555,0.5902102102102101,0.6331557989049278,0.5869843155893535,0.4923200346921075
46,0.4328164556962026,0.39505376344086024,0.3754438997821351,0.36519230769230776,0.4666012396694215,0.5954854854854855,0.6285913389746143,0.5879752851711026,0.4915199479618387
47,0.44560654008438816,0.39505376344086024,0.3747657952069717,0.3651923076923077,0.46611570247933887,0.5995195195195195,0.6178322548531608,0.5896269011406844,0.4915199479618387
48,0.44560654008438816,0.3986021505376344,0.37928649237472767,0.36153846153846153,0.4605320247933885,0.5942442442442443,0.6188103534096565,0.5846720532319392,0.48351908065915006
49,0.45174578059071724,0.39718279569892473,0.37883442265795203,0.3694230769230769,0.46053202479338834,0.6041741741741743,0.6285913389746143,0.5691468631178708,0.4923200346921075
50,0.45814082278481005,0.3929247311827957,0.38154684095860564,0.37,0.46247417355371895,0.5954854854854856,0.6393504230960676,0.5651829847908746,0.5024544666088465
51,0.45583860759493666,0.3910322580645162,0.38086873638344226,0.365,0.4551911157024793,0.5771771771771773,0.6478272772523644,0.572119771863118,0.4987207285342584
52,0.45532700421940914,0.391505376344086,0.3876497821350762,0.365,0.4505785123966942,0.5771771771771772,0.6494574415131906,0.5605584600760456,0.5088551604509973
53,0.45532700421940914,0.40073118279569886,0.38177287581699343,0.3586538461538461,0.4505785123966942,0.5616616616616616,0.6325037332005973,0.5754230038022813,0.5211231569817866
54,0.45660601265822776,0.3978924731182795,0.36662854030501085,0.3565384615384616,0.45373450413223143,0.5616616616616616,0.6341338974614237,0.5691468631178705,0.5349913269731135
55,0.45660601265822776,0.40049462365591404,0.36414215686274504,0.35365384615384615,0.4537345041322314,0.5632132132132132,0.637068193130911,0.5840114068441065,0.5411253252385082
56,0.46274525316455695,0.40049462365591404,0.3634640522875816,0.3371153846153846,0.47,0.5793493493493493,0.6540219014435042,0.5701378326996197,0.5469926279271465
57,0.46760548523206746,0.40049462365591404,0.37227941176470586,0.3178846153846153,0.469271694214876,0.5793493493493495,0.655,0.5850023764258554,0.5411253252385082
58,0.4755353375527425,0.400494623655914,0.3684368191721133,0.3013461538461538,0.4666012396694215,0.5787287287287287,0.6413066202090593,0.5906178707224333,0.5555268863833478
59,0.4691402953586497,0.4009677419354839,0.36527233115468405,0.28211538461538466,0.4503357438016529,0.5874174174174174,0.6266351418616227,0.5866539923954373,0.5643278404163053
60,0.4660706751054853,0.39765591397849465,0.36708061002178644,0.26557692307692304,0.4488791322314049,0.583073073073073,0.6230487804878049,0.601518536121673,0.5523265394622723
61,0.4775817510548523,0.404989247311828,0.36369008714596956,0.24846153846153846,0.44523760330578505,0.5684884884884885,0.6253310104529617,0.600527566539924,0.5555268863833478
62,0.4811629746835443,0.39647311827956994,0.36369008714596956,0.23192307692307695,0.44669421487603306,0.5855555555555555,0.6325037332005974,0.5879752851711028,0.5555268863833478
63,0.485,0.39363440860215054,0.3666285403050109,0.21269230769230768,0.44790805785123966,0.5898998998998999,0.6263091090094576,0.5879752851711028,0.5467259323503904
64,0.47886075949367085,0.4028602150537634,0.3650462962962963,0.19615384615384618,0.4369834710743802,0.5737637637637638,0.6360900945744152,0.5770746197718631,0.5373915871639203
65,0.4740005274261603,0.4068817204301076,0.36775871459694986,0.17961538461538462,0.44013946280991734,0.5846246246246246,0.6377202588352415,0.5909481939163498,0.5365915004336514
66,0.4701635021097046,0.41043010752688175,0.3761220043572984,,0.4401394628099172,0.5846246246246246,0.6475012444001992,0.6101069391634981,0.5491261925411969
67,0.48499999999999993,0.404752688172043,0.3777042483660131,,0.43552685950413217,0.5846246246246245,0.6491314086610253,0.6216682509505703,0.5528599306157849
68,0.4660706751054852,0.39552688172043016,0.3777042483660131,,0.42338842975206614,0.552972972972973,0.6445669487307117,0.6256321292775665,0.562194275802255
69,0.4660706751054852,0.3948172043010753,0.38448529411764704,,0.4343130165289256,0.5374574574574574,0.6380462916874066,0.6226592205323194,0.561394189071986
70,0.45148997890295356,0.404989247311828,0.38380718954248355,,0.4258161157024793,0.5051851851851852,0.6341338974614235,0.6272837452471483,0.5627276669557676
71,0.45225738396624465,0.409247311827957,0.38109477124183005,,0.433827479338843,0.48625625625625635,0.62337481333997,0.6272837452471483,0.5533933217692975
72,0.46121044303797465,0.409247311827957,0.3768001089324618,,0.433099173553719,0.4660860860860861,0.6142458934793428,0.6381844106463878,0.5579271465741544
73,0.45404799578059063,0.4009677419354839,0.3756699346405228,,0.4347985537190082,0.4437437437437437,0.6142458934793428,0.64974572243346,0.5579271465741544
74,0.45021097046413494,0.40025806451612905,0.37521786492374715,,0.4374690082644628,0.42078078078078074,0.6188103534096566,0.6348811787072243,0.5485928013876843
75,0.4356302742616033,0.4030967741935484,0.3903622004357298,,0.4335847107438016,0.38385385385385384,0.6158760577401692,0.6262927756653994,0.53525802254987
76,0.4317932489451476,0.4030967741935484,0.39533496732026135,,0.43285640495867767,0.3615115115115115,0.6266351418616226,0.6262927756653992,0.5323243712055508
77,0.4241191983122362,0.4083010752688172,0.38719771241830053,,0.42484504132231404,0.323033033033033,0.6142458934793429,0.6362024714828898,0.5392584562012143
78,0.41132911392405047,0.3976559139784947,0.382224945533769,,0.41756198347107426,,0.5995744151319065,0.6262927756653994,0.5531266261925413
79,0.40851529535864967,0.4012043010752689,0.3826770152505446,,0.4195041322314049,,0.6034868093578896,0.6299263307984792,0.5531266261925413
80,0.41491033755274254,0.40782795698924734,0.37883442265795203,,0.4277582644628099,,0.6073992035838726,0.6447908745247148,0.5392584562012143
81,0.413631329113924,0.4078279569892474,0.37612200435729837,,0.43455578512396686,,0.6064211050273768,0.6437999049429657,0.5525932350390286
82,0.4128639240506328,0.4000215053763442,0.38629357298474937,,0.4345557851239669,,0.6103334992533599,0.6447908745247148,0.5493928881179531
83,0.4128639240506329,0.409247311827957,0.38629357298474937,,0.4182902892561984,,0.6093554006968641,0.6391753802281368,0.5595273200346921
84,0.4128639240506329,0.4120860215053764,0.37996459694989104,,0.38818698347107433,,0.6171801891488303,0.6391753802281368,0.569661751951431
85,0.430514240506329,0.4073548387096774,0.3878758169934641,,0.37022210743801653,,0.6018566450970632,0.6517276615969582,0.5656613183000867
86,0.42897943037974673,0.4033333333333333,0.3835811546840958,,0.3454597107438016,,0.6002264808362369,0.6368631178707225,0.5664614050303556
87,0.4328164556962026,0.40073118279569886,0.38086873638344215,,0.323853305785124,,0.6002264808362369,0.6447908745247147,0.5576604509973981
88,0.42079377637130794,0.40475268817204296,0.38358115468409576,,0.30758780991735546,,0.6155500248880038,0.6282747148288973,0.5539267129228101
89,0.42693301687763713,0.42107526881720425,0.38086873638344226,,0.29544938016528927,,0.6210925833748133,0.6282747148288974,0.5437922810060712
90,0.42693301687763713,0.43006451612903224,0.3808687363834421,,0.2738429752066116,,0.6390243902439023,0.6312476235741444,0.5539267129228101
91,0.42872362869198316,0.42296774193548387,0.38041666666666657,,0.2522365702479339,,0.6536958685913389,0.642148288973384,0.54459236773634
92,0.4230959915611814,0.4217849462365591,0.3917184095860566,,0.22334710743801653,,0.6497834743653559,0.642148288973384,0.54459236773634
93,0.41925896624472575,0.42698924731182786,0.39601307189542473,,,,0.64880537580886,0.6249714828897338,0.54459236773634
94,0.4120965189873418,0.4321935483870967,0.39985566448801735,,,,0.6325037332005973,0.6077946768060837,0.5312575888985256
95,0.4151661392405063,0.44,0.4036982570806099,,,,0.6279392732702836,0.6226592205323194,0.5392584562012143
96,0.42002637130801684,0.4300645161290323,0.3962391067538126,,,,0.6471752115480337,0.6391753802281368,0.5525932350390286
97,0.4010970464135021,0.42675268817204304,0.39872549019607845,,,,0.6325037332005973,0.6391753802281368,0.5525932350390286
98,0.3898417721518987,0.4260430107526882,0.40686274509803916,,,,0.6285913389746143,0.6484244296577946,0.546459236773634
99,0.3721914556962025,0.4295913978494624,0.40844498910675375,,,,0.6367421602787455,0.6484244296577947,0.5376582827406765
100,0.34942510548523203,0.4220215053763441,0.4111574074074073,,,,0.6246789447486312,0.6325689163498098,0.5389917606244579
101,0.32742616033755273,0.41421505376344087,0.415,,,,0.6220706819313091,0.6177043726235741,0.5448590633130963
102,0.3097758438818565,0.41752688172043007,0.41454793028322434,,,,0.6165281234444997,0.6107675855513308,0.5435255854293148
103,0.2877768987341772,0.4262795698924731,0.40324618736383433,,,,0.6054430064708809,0.6097766159695818,0.5467259323503904
104,0.2657779535864979,0.4227311827956989,0.40595860566448794,,,,0.6162020905923344,0.6107675855513308,0.5467259323503902
105,0.24301160337552744,0.4187096774193549,0.40595860566448794,,,,0.6038128422100547,0.6206772813688212,0.5467259323503902
106,0.21257120253164555,0.41989247311827954,0.399177559912854,,,,0.5972921851667495,0.6206772813688212,0.5467259323503902
107,,0.4035698924731182,0.40030773420479293,,,,0.5796864111498259,0.635541825095057,0.5467259323503904
108,,0.3851182795698924,0.399177559912854,,,,0.5643628670980587,0.6355418250950569,0.5555268863833478
109,,0.36926881720430105,0.4023420479302831,,,,0.5474091587854654,0.6504063688212927,0.5656613183000867
110,,0.34111827956989255,0.3973692810457515,,,,0.5464310602289696,0.6457818441064637,0.5757957502168256
111,,0.31178494623655917,0.3905882352941175,,,,0.5203484320557491,0.6451211977186311,0.5757957502168256
112,,0.29427956989247306,0.39217047930283216,,,,0.5095893479342957,0.6342205323193916,0.5837966175195143
113,,0.2779569892473118,0.36414215686274504,,,,0.5135017421602788,0.650736692015209,0.5931309627059844
114,,0.2543010752688172,0.3447031590413942,,,,0.5151319064211051,0.6513973384030417,0.5923308759757154
115,,0.23324731182795702,0.32526416122004354,,,,0.5242608262817322,0.6520579847908745,0.6056656548135297
116,,0.2050967741935484,0.3051470588235294,,,,0.5242608262817322,0.6371934410646387,0.5976647875108414
117,,,0.2857080610021786,,,,0.5128496764559483,0.6190256653992394,0.5963313096270598
118,,,0.2631045751633986,,,,0.511219512195122,0.6305869771863116,0.5923308759757155
119,,,0.24366557734204786,,,,0.5203484320557492,0.620677281368821,0.604865568083261
120,,,0.22693899782135066,,,,0.5213265306122449,0.6150617870722431,0.615
121,,,0.20749999999999996,,,,0.5333897461423593,0.6315779467680607,0.615
122,,,0.1880610021786492,,,,0.5314335490293678,0.624310836501901,0.610466175195143
123,,,,,,,0.5314335490293678,0.6286050380228136,0.5787294015611448
124,,,,,,,0.5386062717770033,0.6239805133079848,0.5549934952298352
125,,,,,,,0.5278471876555499,0.6173740494296578,0.5219232437120555
126,,,,,,,0.5402364360378297,0.6173740494296577,0.4888529921942758
127,,,,,,,0.5513215530114485,0.5909481939163498,0.46911751951431047
128,,,,,,,0.5581682429069189,0.5744320342205322,0.44538161318300085
129,,,,,,,0.5637108013937283,0.557255228136882,0.41364483954900255
130,,,,,,,0.5402364360378298,0.5516397338403042,0.38057458803122285
131,,,,,,,0.5121976107516176,0.5615494296577946,0.3475043365134432
132,,,,,,,0.4978521652563464,0.5671649239543726,0.31443408499566344
133,,,,,,,0.46981333997013447,0.5681558935361216,
134,,,,,,,0.4417745146839223,0.5437119771863118,
135,,,,,,,0.4176480836236934,0.5503184410646388,
136,,,,,,,0.3843927327028373,0.5552732889733841,
137,,,,,,,0.3609183673469388,0.5592371673003803,
138,,,,,,,0.331901443504231,0.561879752851711,
139,,,,,,,0.3094051767048283,0.5546126425855513,
140,,,,,,,,0.5717894486692014,
141,,,,,,,,0.5707984790874524,
142,,,,,,,,0.5665042775665399,
143,,,,,,,,0.5787262357414448,
144,,,,,,,,0.5757533269961976,
145,,,,,,,,0.5757533269961976,
146,,,,,,,,0.5823597908745246,
147,,,,,,,,0.5840114068441064,
148,,,,,,,,0.5939211026615968,
149,,,,,,,,0.5995365969581748,
150,,,,,,,,0.6167134030418251,
151,,,,,,,,0.6114282319391634,
152,,,,,,,,0.6015185361216728,
153,,,,,,,,0.595903041825095,
154,,,,,,,,0.5665042775665399,
155,,,,,,,,0.5499881178707223,
156,,,,,,,,0.5205893536121672,
157,,,,,,,,0.4911905893536121,
158,,,,,,,,0.46278279467680594,
159,,,,,,,,0.4373479087452471,
160,,,,,,,,0.4036549429657794,
161,,,,,,,,0.362694866920152,
162,,,,,,,,0.3399025665399239,
163,,,,,,,,0.3105038022813688,
