seqid	protein_class	prot_len	mean_disorder	frac_disordered	has_prd
CGIN_EcCGIN1	CGIN	820	0.6639	0.6537	0
CGIN_BtCGIN1	CGIN	774	0.6725	0.6731	0
CGIN_CfCGIN1	CGIN	807	0.6707	0.6927	0
CGIN_HsCGIN1	CGIN	790	0.6582	0.662	0
CGIN_MmCGIN1	CGIN	738	0.5996	0.6111	0
CHR_CiCIN1	CHR	32	0.6603	1.0	0
CHR_SpCIN1	CHR	32	0.5536	1.0	0
CHR_XtCIN1	CHR	36	0.5372	1.0	0
CHR_CbCIN1	CHR	34	0.4449	1.0	0
CHR_ApCIN1n	CHR	36	0.229	0.0	0
CHR_ApCIN1q	CHR	36	0.2711	0.0	0
CHR_ApCIN1j	CHR	36	0.4592	1.0	0
CHR_ApCIN1a	CHR	36	0.2333	0.0	0
CHR_ApCIN1b	CHR	35	0.3725	0.0	0
CHR_ApCIN1e	CHR	36	0.2841	0.0	0
CHR_ApCIN1d	CHR	36	0.1967	0.0	0
CHR_DpCIN1	CHR	36	0.2629	0.0	0
CHR_GfCIN1	CHR	34	0.3344	1.0	0
CHR_NvCIN1	CHR	35	0.4243	1.0	0
CHR_SmCIN1	CHR	32	0.3509	1.0	0
CHR_MbCIN1	CHR	36	0.4315	1.0	0
TR_ApGINGER1f	TR	173	0.1314	0.0	0
TR_AcGINGER1-1	TR	323	0.2588	0.1331	0
TR_ApGINGER1a	TR	309	0.1625	0.0	0
TR_ApGINGER1d	TR	285	0.1156	0.0	0
TR_ApGINGER1e	TR	254	0.2184	0.1063	0
TR_ApGINGER1b	TR	278	0.1525	0.0576	0
TR_ApGINGER1c	TR	237	0.1157	0.0675	0
TR_BfGINGER1-1	TR	311	0.1573	0.0	0
TR_HmGINGER1-3	TR	309	0.11	0.0	0
TR_HmGINGER1	TR	309	0.1114	0.0	0
TR_HmGINNY1	TR	351	0.114	0.0	0
PR_ULP1_HmGINNY1	PR_ULP1	85	0.0951	0.0	0
PR_OTU_ApGINGER1a	PR_OTU	130	0.1749	0.0	0
PR_OTU_ApGINGER1e	PR_OTU	101	0.0934	0.0	0
PR_OTU_HmGINGER1-3	PR_OTU	125	0.1704	0.0	0
PR_OTU_HmGINGER1	PR_OTU	127	0.1725	0.0	0
TR_HmGINA2	TR	290	0.2985	0.2241	0
TR_HmGINA3	TR	376	0.1658	0.0931	0
TR_HmGINA4	TR	377	0.1657	0.0981	0
TR_HmGINA5	TR	380	0.1332	0.0526	0
PR_ULP1_HmGINA1	PR_ULP1	159	0.1279	0.0	0
PR_ULP1_HmGINA5	PR_ULP1	164	0.0858	0.0	0
PR_ULP1_HmGINO2	PR_ULP1	125	0.1555	0.0	0
PR_ULP1_HmGINO1	PR_ULP1	153	0.0818	0.0	0
TR_Tc1reverse_HmGINO1	TR	71	0.2259	0.0	0
TR_HmGINO1	TR	330	0.1546	0.0455	0
TR_HmGINO3	TR	330	0.1395	0.0485	0
TR_TsGINGER2-1_Repbaseaccession_Ginger2-1_TS	TR	521	0.1608	0.096	0
TR_TsGINGER2	TR	343	0.1553	0.0466	0
TR_TcGINGER2	TR	358	0.196	0.1592	0
TR_ISAf	TR	417	0.1141	0.036	0
TR_ISEc	TR	387	0.1617	0.0439	0
TR_ISLa	TR	598	0.4967	0.4682	0
TR_ISSc	TR	428	0.2303	0.1869	0
TR_ISTv1	TR	288	0.0724	0.0	0
TR_ISTv2	TR	402	0.2807	0.2114	0
TR_ISTv3	TR	301	0.1533	0.0	0
hAT_LaSCAND3	hAT	636	0.1656	0.1179	0
hAT_FcSCAND3	hAT	636	0.1726	0.1195	0
hAT_BtSCAND3	hAT	636	0.1566	0.1101	0
hAT_EcSCAND3	hAT	636	0.1671	0.1195	0
hAT_HsSCAND3	hAT	636	0.1594	0.1085	0
hAT_CfSCAND3	hAT	636	0.1707	0.1179	0
hAT_SsSCAND3	hAT	636	0.1722	0.1226	0
hAT_TtSCAND3	hAT	636	0.1643	0.1179	0
hAT_OcSCAND3	hAT	620	0.1497	0.0694	0
hAT_PvSCAND3	hAT	633	0.19	0.188	0
hAT_DnSCAND3	hAT	635	0.1609	0.1181	0
TR_FcSCAND3	TR	499	0.3449	0.3186	0
TR_BtSCAND3	TR	499	0.2959	0.2926	0
TR_EcSCAND3	TR	499	0.306	0.2986	0
TR_HsSCAND3	TR	498	0.3209	0.2972	0
TR_CfSCAND3	TR	500	0.2835	0.202	0
TR_SsSCAND3	TR	499	0.2876	0.2104	0
TR_TtSCAND3	TR	492	0.2941	0.2927	0
TR_LaSCAND3-3	TR	422	0.2413	0.1303	0
TR_MeSCAND3	TR	360	0.3503	0.325	0
TR_ChSCAND3	TR	253	0.216	0.166	0
TR_DnSCAND3	TR	498	0.3532	0.3414	0
SCAN-A2_BtSCAND3	SCAN-A2	119	0.1503	0.0	0
SCAN-A2_EcSCAND3	SCAN-A2	119	0.1686	0.0	0
SCAN-A2_HsSCAND3	SCAN-A2	119	0.1627	0.0	0
SCAN-A2_CfSCAND3	SCAN-A2	119	0.2277	0.0	0
SCAN-A2_SsSCAND3	SCAN-A2	119	0.1806	0.0	0
KRAB-A_HsKRBA2	KRAB-A	48	0.6985	1.0	0
KRAB-A_EcKRBA2	KRAB-A	48	0.5646	1.0	0
KRAB-A_LaKRBA2	KRAB-A	44	0.5054	1.0	0
KRAB-A_CfKRBA2	KRAB-A	48	0.388	1.0	0
KRAB-A_OcKRBA2	KRAB-A	39	0.5654	1.0	0
KRAB-A_PvKRBA2	KRAB-A	25	0.47	0.0	0
KRAB-A_ChKRBA2	KRAB-A	48	0.5794	1.0	0
KRAB-A_DnKRBA2	KRAB-A	45	0.4251	1.0	0
TR_HsKRBA2	TR	417	0.2218	0.1415	0
TR_EcKRBA2	TR	418	0.2331	0.1627	0
TR_FcKRBA2	TR	418	0.2511	0.1579	0
TR_CfKRBA2	TR	418	0.2304	0.1507	0
TR_BtKRBA2	TR	418	0.2538	0.1603	0
TR_TtKRBA2	TR	418	0.2367	0.1507	0
TR_ChKRBA2	TR	418	0.2468	0.1435	0
TR_DnKRBA2	TR	414	0.2237	0.1353	0
TR_Tdd5	TR	625	0.3302	0.2592	0
TR_Tdd4	TR	682	0.3287	0.2595	0
INT_AgFOB1	INT	534	0.3125	0.2921	0
INT_CgFOB1	INT	536	0.266	0.2463	0
INT_LtFOB1	INT	508	0.2927	0.2697	0
INT_ScFOB1	INT	566	0.4039	0.3498	0
INT_ZrFOB1	INT	586	0.4023	0.3805	0
INT_ApBIN1g	INT	486	0.5272	0.5494	0
INT_ApBIN1h	INT	485	0.2035	0.099	0
INT_ApBIN1a	INT	456	0.1905	0.0	0
INT_ApBIN1b	INT	288	0.299	0.2535	0
INT_ApBIN1c	INT	346	0.3534	0.341	0
INT_ApBIN1d	INT	407	0.2103	0.1229	0
INT_ApBIN1e	INT	713	0.4114	0.3633	0
INT_ApBIN1j	INT	484	0.3912	0.4959	0
INT_ApBIN1l	INT	321	0.1324	0.0717	0
INT_ApBIN1m	INT	270	0.1184	0.0	0
INT_ApBIN1o	INT	195	0.1061	0.0	0
INT_ApGIN3a	INT	523	0.1176	0.0402	0
INT_ApGIN3b	INT	258	0.0729	0.0	0
INT_ApGIN3c	INT	346	0.2691	0.1936	0
INT_ApGIN4a	INT	325	0.1364	0.0	0
INT_ApGIN4b	INT	566	0.3108	0.2686	0
INT_ApGIN4c	INT	341	0.1972	0.1466	0
INT_ApGIN4d	INT	342	0.2827	0.1784	0
INT_ApGIN4e	INT	298	0.1357	0.0	0
INT_ApGIN4f	INT	397	0.0964	0.0	0
INT_ApGIN5b	INT	331	0.2302	0.136	0
INT_ApGIN5c	INT	327	0.2752	0.1835	0
INT_ApGIN5e	INT	329	0.3686	0.2462	0
INT_ApGIN5f	INT	298	0.0971	0.0	0
INT_ApGIN6a	INT	423	0.0963	0.0	0
INT_ApGIN6b	INT	292	0.1812	0.0788	0
INT_ApGIN6c	INT	265	0.2861	0.2415	0
INT_ApGIN7a	INT	167	0.1479	0.0	0
INT_ApGIN7b	INT	280	0.123	0.0	0
INT_ApGIN7c	INT	377	0.2087	0.1565	0
INT_ApGIN7d	INT	378	0.1559	0.0556	0
INT_ApCIN1a	INT	302	0.097	0.0596	0
INT_ApCIN1b	INT	686	0.0984	0.0306	0
INT_ApCIN1c	INT	555	0.1171	0.0378	0
INT_ApCIN1d	INT	299	0.1106	0.0	0
INT_ApCIN1n	INT	279	0.1295	0.0	0
INT_ApCIN1e	INT	294	0.1083	0.0	0
INT_ApCIN1f	INT	408	0.2664	0.1078	0
INT_ApCIN1j	INT	310	0.0995	0.0516	0
INT_GiCIN1	INT	357	0.0661	0.0	0
INT_MbCIN1	INT	390	0.1703	0.1179	0
INT_NveCIN1-2	INT	205	0.1284	0.0	0
INT_DpCIN1	INT	324	0.0938	0.0	0
INT_CbCIN1	INT	411	0.1807	0.0608	0
INT_CiCIN1	INT	1122	0.1035	0.0446	0
INT_CcCIN1	INT	226	0.25	0.146	0
INT_DrCIN1	INT	705	0.0667	0.0	0
INT_GfCIN1	INT	307	0.0966	0.0	0
INT_HmCIN1	INT	353	0.241	0.221	0
INT_NvCIN1	INT	413	0.1369	0.0533	0
INT_SmCIN1_Repbaseaccession_Polinton-1_SM	INT	354	0.1131	0.0	0
INT_SpCIN1	INT	286	0.116	0.0	0
INT_TcCIN1	INT	289	0.1016	0.0	0
INT_XtCIN1	INT	381	0.1631	0.1102	0
INT_XmCIN1	INT	367	0.1432	0.0	0
INT_BtCGIN1	INT	393	0.1483	0.0331	0
INT_EcCGIN1	INT	393	0.1095	0.0	0
INT_HsCGIN1	INT	393	0.1039	0.0	0
INT_CfCGIN1	INT	393	0.1265	0.0	0
INT_MmCGIN1	INT	392	0.1292	0.0	0
NYN_BtCGIN1	NYN	208	0.1693	0.1538	0
NYN_EcCGIN1	NYN	208	0.2024	0.1587	0
NYN_HsCGIN1	NYN	208	0.2172	0.1635	0
NYN_CfCGIN1	NYN	208	0.2116	0.1587	0
NYN_MmCGIN1	NYN	206	0.1969	0.1505	0
RNaseH_BtCGIN1	RNaseH	508	0.2563	0.1201	0
RNaseH_EcCGIN1	RNaseH	507	0.2259	0.0888	0
RNaseH_HsCGIN1	RNaseH	506	0.2241	0.0929	0
RNaseH_CfCGIN1	RNaseH	506	0.1886	0.0751	0
RNaseH_MmCGIN1	RNaseH	504	0.2412	0.1151	0
INT_GgGIN2	INT	422	0.239	0.2464	0
INT_DrGIN2-1	INT	433	0.2988	0.3025	0
INT_AcGIN2	INT	251	0.2808	0.3307	0
INT_XtGIN2	INT	413	0.259	0.2688	0
INT_MeGIN2	INT	329	0.1502	0.1216	0
INT_TgGIN2	INT	428	0.337	0.3505	0
INT_RcGIN2	INT	296	0.1715	0.0	0
INT_XlGIN2	INT	423	0.2441	0.2553	0
INT_DrGIN2-2	INT	245	0.1851	0.1143	0
INT_OnGIN2	INT	178	0.1334	0.0	0
INT_FrGIN2	INT	232	0.1376	0.0	0
INT_CiGIN2	INT	440	0.2302	0.175	0
INT_CsGIN2	INT	285	0.1483	0.0667	0
INT_AcGIN1	INT	324	0.1123	0.0	0
INT_OaGIN1	INT	520	0.3487	0.275	0
INT_MdGIN1	INT	530	0.3123	0.2434	0
INT_TgGIN1	INT	527	0.2432	0.1917	0
INT_PaGIN1	INT	522	0.1668	0.0	0
INT_MfGIN1	INT	522	0.1635	0.0	0
INT_BtGIN1	INT	499	0.2841	0.0621	0
INT_SsGIN1	INT	522	0.1518	0.0268	0
INT_EcGIN1	INT	520	0.1563	0.0	0
INT_CfGIN1	INT	523	0.1482	0.0268	0
INT_GgGIN1	INT	526	0.2876	0.2148	0
INT_HsGIN1	INT	522	0.1651	0.069	0
INT_MmGIN1	INT	518	0.1781	0.0618	0
INT_RnGIN1	INT	518	0.2018	0.0927	0
TR_NvGINGER2-1_Repbaseaccession_Ginger2-1_NV	TR	552	0.2948	0.2264	0
TR_NvGINGER2-2_Repbaseaccession_Ginger2-2_NV	TR	528	0.2953	0.233	0
TR_HmGINGER2-1_Repbaseaccession_Ginger2-1_HM	TR	732	0.2472	0.1284	0
TR_LsGINGER2-1_Repbaseaccession_Ginger2-1_LS	TR	884	0.4232	0.3699	0
TR_BfGINGER2-1_Repbaseaccession_Ginger2-1_BF	TR	581	0.2216	0.1119	0
TR_MgGINGER2	TR	568	0.3942	0.3345	0
TR_BmGINGER2a	TR	275	0.1329	0.0	0
TR_BmGINGER2b	TR	378	0.1441	0.0344	0
TR_ApGINGER2a	TR	343	0.1972	0.0408	0
TR_ApGINGER2b	TR	419	0.0879	0.0	0
TR_ApGINGER2f	TR	552	0.1959	0.0652	0
TR_RpGINGER2b	TR	424	0.3882	0.4929	0
TR_RpGINGER2a	TR	252	0.0954	0.0	0
CHR_REM1	CHR	111	0.4109	0.2973	0
CHR_G-Rhodo	CHR	101	0.3763	0.3663	0
CHR_Amn-ichi	CHR	111	0.6258	1.0	0
CHR_Amn-ni	CHR	88	0.3754	0.3182	0
CHR_Amn-san	CHR	122	0.4753	0.2869	0
ORFX_K-HERV	ORFX	91	0.2233	0.0	0
AP_ORFVII_PCSV_second_nonpol_PR_domain	AP	143	0.0925	0.0	0
AP_CterMOV_CSVMV_second_nonpol_PR_domain	AP	168	0.0619	0.0	0
ORFB_PCSV	ORFB	244	0.2542	0.0738	0
ORFC_PCSV	ORFC	127	0.3536	0.2992	0
ORFA_PCSV	ORFA	122	0.2354	0.2541	0
ORF8_CmYLCV	ORF8	86	0.7547	1.0	0
ORF3_Boudicca	ORF3	82	0.4574	0.378	0
RNaseH_LLDAV	RNaseH	122	0.0983	0.0	0
CHR_CoDi4.3	CHR	54	0.3184	0.0	0
CHR_CoDi4.1	CHR	54	0.3609	0.0	0
CHR_CoDi4.4	CHR	54	0.4389	0.3333	0
CHR_CoDi4.5	CHR	53	0.6121	1.0	0
CHR_CoDi3.1	CHR	53	0.6161	1.0	0
CHR_CoDi2.4	CHR	55	0.3504	0.0	0
CHR_CoDi7.1	CHR	52	0.2324	0.0	0
VAP_ScBIMV	VAP	185	0.088	0.0	0
ORF2_ScBIMV	ORF2	123	0.3177	0.0	0
ORFgp7_RuFDV	ORFgp7	169	0.2344	0.0	0
ORFgp3_RuFDV	ORFgp3	188	0.1783	0.0	0
ORFgp1_RuFDV	ORFgp1	112	0.1566	0.0	0
dUTPase_DBV	dUTPase	88	0.1013	0.0	0
ORF2_DBV	ORF2	126	0.1637	0.0	0
VAP_DBV	VAP	143	0.0972	0.0	0
ORF2_KTSV	ORF2	124	0.2848	0.2419	0
VAP_KTSV	VAP	173	0.0533	0.0	0
ORF6_CYMV	ORF6	154	0.2529	0.2013	0
ORF5_CYMV	ORF5	95	0.2987	0.1368	0
ORF4_CYMV	ORF4	148	0.3535	0.3176	0
ORF2_CYMV	ORF2	138	0.3008	0.1739	0
VAP_CYMV	VAP	143	0.0631	0.0	0
VAP_BsCVBV	VAP	132	0.125	0.0	0
ORF2_BsCVBV	ORF2	147	0.1755	0.0	0
ORF4_BsCVBV	ORF4	198	0.3999	0.3939	0
dUTPase_TaBV	dUTPase	114	0.1805	0.114	0
ORF2_TaBV	ORF2	144	0.2465	0.1111	0
VAP_TaBV	VAP	146	0.0535	0.0	0
VAP_DrMV	VAP	149	0.0747	0.0	0
ORF2_DrMV	ORF2	131	0.2342	0.0	0
ORF4_DrMV	ORF4	103	0.8417	1.0	0
ORF5_DrMV	ORF5	100	0.8332	1.0	0
ORF6_DrMV	ORF6	139	0.2386	0.1583	0
ORF7_DrMV	ORF7	100	0.8726	1.0	0
VAP_CSSV	VAP	143	0.0749	0.0	0
ORF2_CSSV	ORF2	132	0.2285	0.0	0
ORFX_CSSV	ORFX	113	0.5525	0.6283	0
ORFY_CSSV	ORFY	131	0.2529	0.1832	0
ORF2_ComYMV	ORF2	135	0.2029	0.0	0
VAP_ComYMV	VAP	200	0.1002	0.0	0
ORF2_CLNV	ORF2	128	0.267	0.2812	0
VAP_CLNV	VAP	175	0.0879	0.0	0
ORF2_BSVAV	ORF2	132	0.2052	0.0	0
VAP_BSVAV	VAP	145	0.1534	0.0	0
ORF2_BSMyV	ORF2	132	0.2263	0.0	0
ORF2_BSGFV	ORF2	112	0.2636	0.2411	0
VAP_BSGFV	VAP	175	0.081	0.0	0
ORFVII_MiMV	ORFVII	75	0.4805	1.0	0
VAP_BSOLV	VAP	177	0.0558	0.0	0
ORF2_BSOLV	ORF2	134	0.3608	0.4403	0
ORF1a_CmYLCV	ORF1a	89	0.2839	0.2584	0
ORFB_CmYLCV	ORFB	201	0.1361	0.0	0
TAV_CSVMV	TAV	392	0.1421	0.0995	0
ORF2_CSVMV	ORF2	71	0.1888	0.0	0
ORF8_SbCMV	ORF8	84	0.6318	1.0	0
ORF1b_SbCMV	ORF1b	116	0.3941	0.3621	0
ORFB_SbCMV	ORFB	201	0.2658	0.3433	0
AP_ORFVII_SbCMV_second_nonpol_PR_domain	AP	148	0.1193	0.0	0
ORFP24_RTBV	ORFP24	199	0.1062	0.0	0
ORFP12_RTBV	ORFP12	110	0.3757	0.3545	0
ORFP46_RTBV	ORFP46	389	0.0845	0.0	0
ORF7_FMV	ORF7	66	0.1263	0.0	0
ORF7_CaMV	ORF7	100	0.4149	0.41	0
ORFB_BRRV	ORFB	186	0.0998	0.0	0
ORFC_BRRV	ORFC	199	0.3832	0.3317	0
AP_ORF7_BRRV_second_nonpol_PR_domain	AP	142	0.1191	0.0	0
ORFA_BRRV	ORFA	122	0.3109	0.2049	0
MOV_CSVMV	MOV	288	0.0684	0.0	0
ORF1_Nterdomain_CSVMV	ORF1_Nterdomain	465	0.3051	0.2516	0
INT_PVCV	INT	464	0.4941	0.4935	0
ORF1_DrFV-1	ORF1	444	0.0954	0.0	0
ORF2_DrFV-1	ORF2	604	0.1346	0.0679	0
ORF3_DrFV-1	ORF3	161	0.3627	0.3975	0
ORF4_DrFV-1	ORF4	234	0.5125	0.4658	0
AP_Oryco1-1	AP	106	0.2208	0.0	0
BEL1_BFV	BEL1	249	0.5009	0.494	0
BEL2_BFV	BEL2	335	0.3588	0.3433	0
BEL2_EFV	BEL2	329	0.3505	0.2796	0
BEL1_EFV	BEL1	249	0.4593	0.4337	0
BEL1_FFV	BEL1	209	0.5722	0.6124	0
BEL2_FFV	BEL2	275	0.1901	0.0509	0
ENV_TorTL1	ENV	651	0.4282	0.4777	0
INT_Purbel	INT	494	0.1179	0.0	0
INT_Roo	INT	520	0.1303	0.0904	0
ENV_roo	ENV	560	0.0961	0.0	0
GAG_Nabel	GAG	353	0.1923	0.0963	0
ENV_Cer7	ENV	765	0.3796	0.3386	0
ENV_Tas	ENV	592	0.2242	0.1689	0
AP_CoDi4.3	AP	191	0.1301	0.0	0
AP_CoDi7.1	AP	90	0.1624	0.0	0
AP_BSGFV	AP	96	0.093	0.0	0
AP_KTSV	AP	95	0.1541	0.0	0
AP_BSVAV	AP	96	0.0764	0.0	0
AP_BSMyV	AP	97	0.1455	0.0	0
AP_CLNV	AP	97	0.3156	0.2577	0
AP_DrMV	AP	98	0.1519	0.0	0
AP_BsCVBV	AP	96	0.2512	0.0	0
AP_ScBIMV	AP	98	0.1325	0.0	0
AP_ComYMV	AP	97	0.0926	0.0	0
AP_DBV	AP	97	0.1253	0.0	0
AP_CYMV	AP	98	0.2694	0.2041	0
AP_BSOLV	AP	94	0.1562	0.0	0
AP_TaBV	AP	97	0.1374	0.0	0
AP_CSSV	AP	97	0.1639	0.0	0
AP_CSVMV	AP	94	0.0895	0.0	0
AP_TVCV	AP	93	0.1521	0.0	0
AP_CaMV	AP	92	0.1094	0.0	0
AP_EVCV	AP	91	0.2026	0.0	0
AP_LLDAV	AP	92	0.1054	0.0	0
AP_CERV	AP	92	0.1364	0.0	0
AP_FMV	AP	92	0.1078	0.0	0
AP_MiMV	AP	92	0.137	0.0	0
AP_SVBV	AP	92	0.1392	0.0	0
AP_RuFDV	AP	96	0.1807	0.0	0
AP_SbCMV	AP	90	0.1225	0.0	0
AP_PCSV	AP	92	0.1268	0.0	0
AP_BRRV	AP	92	0.2506	0.0	0
AP_CmYLCV	AP	90	0.1208	0.0	0
AP_PVCV	AP	97	0.1074	0.0	0
AP_RTBV	AP	99	0.1578	0.0	0
ATF_EVCV	ATF	159	0.1775	0.0	0
ATF_SVBV	ATF	161	0.2078	0.0	0
ATF_FMV	ATF	164	0.1671	0.0	0
ATF_CERV	ATF	167	0.1938	0.0	0
ATF_LLDAV	ATF	167	0.1563	0.0	0
ATF_CaMV	ATF	159	0.2292	0.0	0
ATF_MiMV	ATF	165	0.2299	0.0	0
GAGCOAT_BRRV	GAGCOAT	332	0.254	0.241	0
GAGCOAT_PCSV	GAGCOAT	321	0.2372	0.1745	0
GAGCOAT_SbCMV	GAGCOAT	316	0.2127	0.1646	0
GAGCOAT_CmYLCV	GAGCOAT	329	0.1862	0.1125	0
GAGCOAT_TVCV	GAGCOAT	319	0.2423	0.3166	0
GAGCOAT_CSVMV	GAGCOAT	316	0.2662	0.2405	0
GAGCOAT_CERV	GAGCOAT	317	0.2312	0.1703	0
GAGCOAT_CaMV	GAGCOAT	309	0.2686	0.246	0
GAGCOAT_SVBV	GAGCOAT	329	0.2414	0.2219	0
GAGCOAT_MiMV	GAGCOAT	319	0.2713	0.1944	0
GAGCOAT_FMV	GAGCOAT	318	0.2087	0.195	0
GAGCOAT_LLDAV	GAGCOAT	316	0.2185	0.1677	0
GAGCOAT_EVCV	GAGCOAT	321	0.2877	0.3645	0
GAGCOAT_CLNV	GAGCOAT	465	0.2779	0.2215	0
GAGCOAT_BSMyV	GAGCOAT	473	0.2396	0.1903	0
GAGCOAT_BSVAV	GAGCOAT	479	0.2384	0.1608	0
GAGCOAT_BSGFV	GAGCOAT	474	0.2778	0.23	0
GAGCOAT_KTSV	GAGCOAT	541	0.3248	0.2033	0
GAGCOAT_PVCV	GAGCOAT	381	0.4009	0.4619	0
GAGCOAT_RTBV	GAGCOAT	431	0.2185	0.1601	0
GAGCOAT_ComYMV	GAGCOAT	494	0.2279	0.1559	0
GAGCOAT_CYMV	GAGCOAT	480	0.222	0.1167	0
GAGCOAT_CSSV	GAGCOAT	485	0.2873	0.2351	0
GAGCOAT_BSOLV	GAGCOAT	484	0.2992	0.2851	0
GAGCOAT_BsCVBV	GAGCOAT	486	0.3272	0.3004	0
GAGCOAT_TaBV	GAGCOAT	487	0.3466	0.3265	0
GAGCOAT_DrMV	GAGCOAT	481	0.2421	0.1206	0
GAGCOAT_DBV	GAGCOAT	611	0.1892	0.1522	0
GAGCOAT_ScBIMV	GAGCOAT	678	0.2896	0.2035	0
GAGCOAT_RuFDV	GAGCOAT	423	0.3191	0.3215	0
TAV_CaMV	TAV	476	0.301	0.2794	0
TAV_CERV	TAV	472	0.2801	0.2754	0
TAV_LLDAV	TAV	491	0.2542	0.1914	0
TAV_EVCV	TAV	462	0.231	0.1797	0
TAV_MiMV	TAV	486	0.2968	0.2654	0
TAV_FMV	TAV	470	0.2656	0.217	0
TAV_SVBV	TAV	479	0.2974	0.2589	0
TAV_PCSV	TAV	407	0.1599	0.0319	0
TAV_SbCMV	TAV	420	0.102	0.0	0
TAV_CmYLCV	TAV	505	0.2933	0.2257	0
TAV_BRRV	TAV	402	0.1033	0.0	0
TAV_TVCV	TAV	404	0.3071	0.3465	0
TAV_RuFDV	TAV	339	0.1417	0.1593	0
MOV_KTSV	MOV	250	0.2121	0.14	0
MOV_BSGFV	MOV	249	0.1062	0.0	0
MOV_CmYLCV	MOV	238	0.0833	0.0	0
MOV_SbCMV	MOV	235	0.1059	0.0	0
MOV_LLDAV	MOV	243	0.0747	0.0	0
MOV_CaMV	MOV	242	0.0968	0.0	0
MOV_FMV	MOV	242	0.1158	0.0	0
MOV_EVCV	MOV	236	0.0825	0.0	0
MOV_CERV	MOV	237	0.1319	0.0	0
MOV_SVBV	MOV	239	0.0917	0.0	0
MOV_BRRV	MOV	241	0.1052	0.0	0
MOV_PCSV	MOV	241	0.1143	0.0	0
MOV_TVCV	MOV	236	0.0726	0.0	0
MOV_PVCV	MOV	234	0.0798	0.0	0
MOV_RTBV	MOV	247	0.146	0.0648	0
MOV_DrMV	MOV	255	0.1265	0.0	0
MOV_TaBV	MOV	244	0.1875	0.127	0
MOV_CYMV	MOV	238	0.128	0.0588	0
MOV_DBV	MOV	244	0.0653	0.0	0
MOV_ScBIMV	MOV	245	0.127	0.0	0
MOV_RuFDV	MOV	241	0.0953	0.0	0
MOV_ComYMV	MOV	243	0.2154	0.1564	0
MOV_CSSV	MOV	243	0.136	0.0905	0
MOV_BSOLV	MOV	242	0.1507	0.0992	0
MOV_BsCVBV	MOV	243	0.211	0.177	0
MOV_BSVAV	MOV	250	0.1177	0.0	0
MOV_BSMyV	MOV	258	0.1531	0.0	0
MOV_CLNV	MOV	248	0.0929	0.0	0
MOV_MiMV	MOV	265	0.1525	0.0491	0
RNaseH_CERV	RNaseH	122	0.1243	0.0	0
RNaseH_CaMV	RNaseH	126	0.1093	0.0	0
RNaseH_MiMV	RNaseH	124	0.115	0.0	0
RNaseH_FMV	RNaseH	123	0.105	0.0	0
RNaseH_SVBV	RNaseH	123	0.1001	0.0	0
RNaseH_EVCV	RNaseH	127	0.0867	0.0	0
RNaseH_CmYLCV	RNaseH	131	0.1208	0.0	0
RNaseH_BRRV	RNaseH	159	0.1078	0.0	0
RNaseH_SbCMV	RNaseH	176	0.3556	0.358	0
RNaseH_PCSV	RNaseH	195	0.3256	0.2513	0
RNaseH_PVCV	RNaseH	121	0.1019	0.0	0
RNaseH_BSVAV	RNaseH	127	0.1103	0.0	0
RNaseH_KTSV	RNaseH	125	0.0847	0.0	0
RNaseH_BSMyV	RNaseH	124	0.1018	0.0	0
RNaseH_CLNV	RNaseH	127	0.1474	0.0	0
RNaseH_BSGFV	RNaseH	127	0.1236	0.0	0
RNaseH_CSVMV	RNaseH	125	0.1287	0.0	0
RNaseH_TVCV	RNaseH	124	0.1545	0.0	0
RNaseH_RTBV	RNaseH	127	0.1626	0.0	0
RNaseH_BsCVBV	RNaseH	127	0.1712	0.0	0
RNaseH_CYMV	RNaseH	127	0.1026	0.0	0
RNaseH_TaBV	RNaseH	127	0.0923	0.0	0
RNaseH_ComYMV	RNaseH	127	0.1066	0.0	0
RNaseH_DBV	RNaseH	127	0.1232	0.0	0
RNaseH_DrMV	RNaseH	127	0.119	0.0	0
RNaseH_CSSV	RNaseH	127	0.1279	0.0	0
RNaseH_BSOLV	RNaseH	127	0.1074	0.0	0
RNaseH_ScBIMV	RNaseH	127	0.1102	0.0	0
RNaseH_RuFDV	RNaseH	123	0.1387	0.0	0
RT_CaMV	RT	305	0.1249	0.0	0
RT_CERV	RT	305	0.2455	0.2852	0
RT_LLDAV	RT	305	0.1112	0.0	0
RT_MiMV	RT	305	0.1191	0.0	0
RT_FMV	RT	305	0.0967	0.0	0
RT_EVCV	RT	305	0.0979	0.0	0
RT_SVBV	RT	308	0.0863	0.0	0
RT_CmYLCV	RT	310	0.1485	0.0516	0
RT_SbCMV	RT	311	0.1271	0.0	0
RT_BRRV	RT	309	0.0947	0.0	0
RT_PCSV	RT	307	0.1046	0.0	0
RT_CSVMV	RT	306	0.1405	0.0	0
RT_TVCV	RT	303	0.1351	0.0627	0
RT_BSVAV	RT	314	0.0996	0.0	0
RT_BSGFV	RT	314	0.1149	0.0	0
RT_KTSV	RT	309	0.1362	0.0	0
RT_BSMyV	RT	314	0.132	0.0669	0
RT_CLNV	RT	321	0.1438	0.0	0
RT_PVCV	RT	301	0.1168	0.0	0
RT_RTBV	RT	305	0.0605	0.0	0
RT_CSSV	RT	314	0.0905	0.0	0
RT_CYMV	RT	314	0.0907	0.0	0
RT_DBV	RT	314	0.0771	0.0	0
RT_TaBV	RT	313	0.0814	0.0	0
RT_BSOLV	RT	314	0.1506	0.0732	0
RT_ScBIMV	RT	314	0.0885	0.0	0
RT_DrMV	RT	313	0.1525	0.0767	0
RT_BsCVBV	RT	314	0.0842	0.0	0
RT_ComYMV	RT	314	0.0938	0.0	0
RT_RuFDV	RT	305	0.1193	0.0656	0
VAP_CaMV	VAP	129	0.3512	0.4186	0
VAP_CERV	VAP	128	0.4005	0.3984	0
VAP_LLDAV	VAP	122	0.4285	0.4426	0
VAP_MiMV	VAP	124	0.4051	0.4194	0
VAP_FMV	VAP	115	0.3519	0.3826	0
VAP_EVCV	VAP	126	0.4727	0.5238	0
VAP_BSMyV	VAP	156	0.1059	0.0	0
ORFC_SbCMV	ORFC	171	0.2483	0.1053	0
ORFC_CmYLCV	ORFC	158	0.2697	0.2848	0
VAP_SVBV	VAP	116	0.356	0.3707	0
GAG_Max	GAG	270	0.125	0.0	0
GAG_Bel	GAG	268	0.1568	0.0858	0
GAG_Moose	GAG	271	0.118	0.0664	0
GAG_Roo	GAG	266	0.082	0.0	0
GAG_Tas	GAG	271	0.2144	0.1661	0
GAG_Cer7	GAG	265	0.1435	0.0717	0
GAG_Cer10-1	GAG	360	0.3561	0.2639	0
GAG_Mabel	GAG	287	0.2183	0.1533	0
GAG_Ninja	GAG	273	0.1022	0.0	0
GAG_Tamy	GAG	269	0.1305	0.0	0
GAG_Pao	GAG	276	0.1746	0.1087	0
GAG_Cubel	GAG	278	0.1932	0.1259	0
GAG_Zebel	GAG	310	0.1736	0.1323	0
GAG_Sinbad	GAG	285	0.0628	0.0	0
GAG_Saci-6	GAG	288	0.1048	0.0	0
GAG_Kobel	GAG	280	0.1882	0.1321	0
GAG_Suzu	GAG	286	0.138	0.0	0
GAG_Gabel	GAG	287	0.1875	0.0557	0
AP_Pao	AP	135	0.1469	0.0	0
AP_Ninja	AP	135	0.2353	0.0	0
AP_Tamy	AP	136	0.167	0.0	0
AP_Cubel	AP	137	0.5343	1.0	0
AP_Zebel	AP	138	0.1187	0.0	0
AP_Suzu	AP	128	0.1426	0.0	0
AP_Gabel	AP	130	0.127	0.0	0
AP_Roo	AP	131	0.1965	0.0	0
AP_Moose	AP	135	0.1794	0.0	0
AP_Max	AP	137	0.453	0.4015	0
AP_Bel	AP	138	0.1484	0.0	0
AP_Kobel	AP	138	0.3255	0.1377	0
AP_Tas	AP	133	0.1542	0.0	0
AP_Cer10-1	AP	144	0.3805	0.2153	0
AP_Cer7	AP	136	0.119	0.0	0
AP_Mabel	AP	137	0.0968	0.0	0
AP_Sinbad	AP	135	0.1191	0.0	0
AP_Saci-6	AP	135	0.109	0.0	0
RNaseH_Kobel	RNaseH	133	0.1678	0.1053	0
RNaseH_Moose	RNaseH	132	0.1015	0.0	0
RNaseH_Suzu	RNaseH	133	0.0972	0.0	0
RNaseH_Gabel	RNaseH	133	0.1014	0.0	0
RNaseH_Tamy	RNaseH	131	0.1294	0.0	0
RNaseH_Ninja	RNaseH	133	0.1709	0.0977	0
RNaseH_Cubel	RNaseH	132	0.1158	0.0	0
RNaseH_Zebel	RNaseH	133	0.0984	0.0	0
RNaseH_Pao	RNaseH	99	0.905	1.0	0
RNaseH_Sinbad	RNaseH	22	0.631	1.0	0
RNaseH_Saci-6	RNaseH	65	0.1442	0.0	0
RNaseH_Max	RNaseH	132	0.3809	0.1591	0
RNaseH_Roo	RNaseH	126	0.1709	0.1032	0
RNaseH_Bel	RNaseH	132	0.4661	0.3182	0
RNaseH_Tas	RNaseH	137	0.1669	0.0	0
RNaseH_Cer7	RNaseH	140	0.0646	0.0	0
RNaseH_Cer10-1	RNaseH	144	0.2142	0.1181	0
RNaseH_Mabel	RNaseH	127	0.169	0.0	0
RT_Moose	RT	364	0.0934	0.0	0
RT_Suzu	RT	423	0.1632	0.0	0
RT_Gabel	RT	422	0.1851	0.0427	0
RT_Sinbad	RT	376	0.0835	0.0532	0
RT_Saci-6	RT	255	0.1051	0.0	0
RT_Kobel	RT	383	0.1167	0.0	0
RT_Tamy	RT	376	0.1948	0.0585	0
RT_Pao	RT	361	0.1992	0.0	0
RT_Ninja	RT	379	0.1245	0.058	0
RT_Cubel	RT	383	0.1276	0.0444	0
RT_Tas	RT	364	0.0713	0.0	0
RT_Cer7	RT	373	0.223	0.1206	0
RT_Cer10-1	RT	376	0.104	0.0346	0
RT_Mabel	RT	367	0.0773	0.0	0
RT_Max	RT	372	0.112	0.0	0
RT_Roo	RT	360	0.0963	0.0417	0
RT_Bel	RT	379	0.1267	0.0818	0
RT_Zebel	RT	378	0.0975	0.0	0
INT_SnRV	INT	581	0.1699	0.1136	0
INT_PyERV	INT	317	0.2239	0.1735	0
INT_ASSBSV	INT	420	0.1531	0.0	0
INT_BFV	INT	437	0.2108	0.1442	0
INT_DrFV-1	INT	281	0.151	0.0	0
INT_EFV	INT	393	0.229	0.1705	0
INT_FFV	INT	403	0.1844	0.1092	0
INT_K-HERV	INT	417	0.3213	0.2374	0
INT_XEN1	INT	373	0.133	0.067	0
INT_ZFERV-2	INT	425	0.167	0.0824	0
INT_ZFERV	INT	569	0.2282	0.0949	0
INT_Hydra2-1	INT	469	0.267	0.1919	0
INT_Gmr1	INT	331	0.0979	0.0	0
INT_rGmr1	INT	332	0.1578	0.0422	0
INT_G-Rhodo	INT	448	0.2998	0.279	0
INT_Amn-san	INT	491	0.3325	0.1752	0
INT_Amn-ni	INT	414	0.2565	0.0821	0
INT_Amn-ichi	INT	433	0.2952	0.2656	0
INT_Boudicca	INT	319	0.1414	0.0	0
INT_CFG1	INT	372	0.3909	0.3091	0
INT_DRM	INT	361	0.3061	0.2465	0
INT_SPM	INT	403	0.3342	0.2506	0
INT_Tor4a	INT	307	0.2367	0.0945	0
INT_Tor1	INT	328	0.2087	0.1768	0
INT_Tor2	INT	340	0.1776	0.0	0
INT_Mabel	INT	596	0.2069	0.1091	0
INT_Bel	INT	507	0.1283	0.0	0
INT_Cer7	INT	671	0.2321	0.2012	0
INT_Cer10-1	INT	556	0.3886	0.3363	0
INT_Cubel	INT	590	0.2063	0.1034	0
INT_Gabel	INT	543	0.3142	0.3039	0
INT_Hydra3-1	INT	409	0.0968	0.0	0
INT_Kobel	INT	518	0.1894	0.0811	0
INT_Max	INT	520	0.1012	0.0	0
INT_Moose	INT	527	0.0883	0.0	0
INT_Nabel	INT	530	0.1001	0.0	0
INT_Ninja	INT	529	0.3837	0.3875	0
INT_Saci-6	INT	263	0.1174	0.0	0
INT_Spirobel	INT	522	0.1057	0.0	0
INT_Suzu	INT	589	0.1295	0.0951	0
INT_Tamy	INT	588	0.258	0.2245	0
INT_Tas	INT	419	0.172	0.0835	0
INT_Tribel	INT	492	0.1753	0.065	0
INT_Zebel	INT	526	0.1019	0.0	0
GAG_Cico1	GAG	255	0.2029	0.102	0
AP_Cico1	AP	148	0.0863	0.0	0
GAG_GalEa1	GAG	312	0.4024	0.4615	0
AP_GalEa1	AP	138	0.0962	0.0	0
GAG_Humnum	GAG	253	0.299	0.3043	0
AP_Humnum	AP	157	0.0905	0.0	0
GAG_Tdh2	GAG	335	0.2674	0.2597	0
AP_Tdh2	AP	160	0.2591	0.1875	0
GAG_Tork4	GAG	265	0.2984	0.3094	0
AP_Tork4	AP	116	0.1062	0.0	0
GAG_Tricopia	GAG	269	0.2125	0.1041	0
AP_Tricopia	AP	133	0.2365	0.0977	0
AP_TSI-9	AP	130	0.1542	0.1	0
GAG_TSI-9	GAG	811	0.4823	0.5388	0
GAG_Ty1B	GAG	431	0.5668	0.5916	1
AP_Ty1B	AP	150	0.3213	0.22	0
GAG_Ty2	GAG	424	0.5616	0.5755	0
AP_Ty2	AP	170	0.2629	0.1588	0
AP_Ty4	AP	128	0.2577	0.1719	0
GAG_Ty4	GAG	410	0.2177	0.2146	0
GAG_V12	GAG	272	0.2731	0.1618	0
AP_V12	AP	153	0.0826	0.0	0
AP_Zeco1	AP	170	0.2201	0.1941	0
GAG_Zeco1	GAG	264	0.1958	0.1098	0
GAG_Zeco2	GAG	237	0.2743	0.2869	0
AP_Zeco2	AP	170	0.2809	0.2059	0
GAG_ToRTL1	GAG	660	0.3646	0.3924	0
AP_ToRTL1	AP	130	0.1612	0.0	0
GAG_RTvr2	GAG	290	0.4474	0.469	0
AP_RTvr2	AP	120	0.1193	0.0	0
GAG_PyRE1G1	GAG	308	0.3074	0.3312	0
AP_PyRE1G1	AP	161	0.1353	0.0	0
GAG_Poco	GAG	309	0.2323	0.1748	0
AP_Poco	AP	138	0.1484	0.0	0
GAG_Olco1	GAG	267	0.1813	0.0	0
AP_Olco1	AP	128	0.3426	0.0	0
GAG_Batata	GAG	276	0.3626	0.3442	0
AP_Batata	AP	150	0.1093	0.0	0
ENV_Opie-2	ENV	411	0.3135	0.3577	0
GAG_Opie-2	GAG	535	0.3477	0.2935	0
AP_Opie-2	AP	89	0.1178	0.0	0
AP_Koala	AP	124	0.1953	0.0	0
GAG_Koala	GAG	303	0.332	0.3399	0
GAG_Mtanga	GAG	267	0.3227	0.2921	0
AP_Mtanga	AP	220	0.1402	0.0	0
GAG_Copia	GAG	276	0.2226	0.2899	0
AP_Copia	AP	156	0.1636	0.1474	0
AP_Koco	AP	98	0.2053	0.1735	0
GAG_Koco	GAG	304	0.2706	0.2829	0
GAG_CoDi5.1	GAG	352	0.4022	0.3381	0
AP_CoDi5.1	AP	152	0.4997	0.2368	0
GAG_CoDi4.5	GAG	635	0.3491	0.3606	0
AP_CoDi4.5	AP	161	0.1815	0.087	0
GAG_CoDi4.4	GAG	461	0.2897	0.2343	0
AP_CoDi4.4	AP	157	0.1175	0.0	0
AP_CoDi6.7	AP	120	0.5586	0.6333	0
GAG_CoDi6.7	GAG	455	0.2248	0.2286	0
GAG_CoDi6.3	GAG	343	0.2764	0.2711	0
AP_CoDi6.3	AP	165	0.1646	0.0	0
GAG_CoDi6.4	GAG	334	0.3574	0.3922	0
AP_CoDi6.4	AP	156	0.2033	0.141	0
GAG_CoDi5.2	GAG	337	0.4004	0.5401	0
AP_CoDi5.2	AP	167	0.3392	0.2994	0
GAG_Vitico1-2	GAG	218	0.09	0.0	0
GAG_Tkm1	GAG	421	0.5468	0.5511	1
AP_Tkm1	AP	126	0.147	0.0	0
GAG_Hydra1-1	GAG	257	0.1321	0.0	0
AP_Hydra1-1	AP	132	0.1295	0.0	0
GAG_CoDi5.5	GAG	391	0.1235	0.0	0
AP_CoDi5.5	AP	166	0.389	0.494	0
GAG_CoDi5.3	GAG	332	0.2901	0.2922	0
AP_CoDi5.3	AP	160	0.2893	0.225	0
GAG_SIRE1-4	GAG	538	0.371	0.4703	0
AP_SIRE1-4	AP	165	0.1529	0.0	0
ENV_SIRE1-4	ENV	680	0.5146	0.5485	0
GAG_pCretro3	GAG	259	0.2894	0.2896	0
AP_pCretro3	AP	133	0.1265	0.0	0
GAG_Hopscotch	GAG	304	0.3486	0.3947	0
AP_Hopscotch	AP	152	0.2087	0.0	0
GAG_Hydra1-2	GAG	288	0.2557	0.2222	0
AP_Hydra1-2	AP	147	0.1111	0.0	0
GAG_CoDi5.4	GAG	397	0.1993	0.1814	0
AP_CoDi5.4	AP	182	0.2129	0.2363	0
GAG_CoDi6.5	GAG	392	0.3223	0.3087	0
AP_CoDi6.5	AP	168	0.2991	0.3155	0
GAG_CoDi6.2	GAG	373	0.2203	0.252	0
AP_CoDi6.2	AP	156	0.0965	0.0	0
GAG_Oryco1-2	GAG	399	0.4098	0.4361	0
AP_Oryco1-2	AP	146	0.1617	0.0959	0
GAG_Oryco1-1	GAG	299	0.1439	0.0	0
GAG_Melmoth	GAG	405	0.3454	0.3333	0
AP_Melmoth	AP	161	0.1639	0.0	0
GAG_Fourf	GAG	258	0.4127	0.469	0
AP_Fourf	AP	147	0.0916	0.0	0
GAG_CoDi7.1	GAG	484	0.3912	0.3926	0
AP_CoDi6.6	AP	212	0.6275	1.0	0
GAG_CoDi6.6	GAG	526	0.2802	0.3004	0
GAG_CoDi6.1	GAG	482	0.2445	0.2676	0
AP_CoDi6.1	AP	315	0.3643	0.3238	0
GAG_CoDi5.6	GAG	587	0.5537	0.632	1
AP_CoDi5.6	AP	135	0.2845	0.1556	0
GAG_Osser	GAG	334	0.4632	0.4491	0
AP_Osser	AP	135	0.1377	0.0	0
GAG_pCal	GAG	324	0.2394	0.2099	0
AP_pCal	AP	160	0.1203	0.0	0
AP_Sto-4	AP	149	0.1623	0.0	0
GAG_Sto-4	GAG	287	0.2306	0.1568	0
GAG_Tnt-1	GAG	261	0.3026	0.2835	0
AP_Tnt-1	AP	174	0.0928	0.0	0
GAG_Tto1	GAG	276	0.3956	0.413	0
AP_Tto1	AP	162	0.0732	0.0	0
GAG_Xanthias	GAG	260	0.1876	0.0615	0
AP_Xanthias	AP	175	0.1471	0.0	0
GAG_Yokozuna	GAG	292	0.3672	0.2603	0
AP_Yokozuna	AP	186	0.0884	0.0	0
GAG_1731	GAG	273	0.3404	0.3333	0
AP_1731	AP	136	0.1514	0.0	0
GAG_Araco	GAG	320	0.3309	0.3594	0
AP_Araco	AP	122	0.4157	0.3689	0
GAG_CoDi2.4	GAG	518	0.3013	0.3533	0
AP_CoDi2.4	AP	169	0.1414	0.0	0
GAG_CoDi3.1	GAG	624	0.4774	0.4856	0
AP_CoDi3.1	AP	164	0.1461	0.0	0
GAG_CoDi4.1	GAG	539	0.3355	0.2727	0
AP_CoDi4.1	AP	169	0.1462	0.0	0
GAG_CoDi4.3	GAG	470	0.2794	0.2468	0
GAG_Endovir1-1	GAG	603	0.362	0.272	0
AP_Endovir1-1	AP	134	0.3719	0.3806	0
ENV_Endovir1-1	ENV	461	0.3729	0.3492	0
GAG_Tse1	GAG	383	0.5404	0.6345	0
AP_Tse1	AP	135	0.1084	0.0	0
GAG_Retrofit	GAG	310	0.2853	0.3484	0
AP_Retrofit	AP	179	0.2523	0.0	0
GAG_pCretro6	GAG	287	0.3633	0.3415	0
AP_pCretro6	AP	158	0.1164	0.0	0
ENV_K-HERV	ENV	698	0.2063	0.1361	0
GAG_K-HERV	GAG	695	0.3973	0.3899	1
dUTPase_K-HERV	dUTPase	177	0.3368	0.3051	0
AP_K-HERV	AP	126	0.1633	0.0	0
ENV_XEN1	ENV	537	0.254	0.1732	0
GAG_XEN1	GAG	385	0.3864	0.3844	0
AP_XEN1	AP	136	0.1915	0.0	0
AP_ZFERV	AP	147	0.2885	0.3946	0
ENV_ZFERV	ENV	643	0.138	0.112	0
GAG_ZFERV-2	GAG	588	0.4259	0.517	0
AP_ZFERV-2	AP	213	0.1043	0.0	0
ENV_ZFERV-2	ENV	384	0.1358	0.0781	0
GAG_SnRV	GAG	618	0.3476	0.3479	0
AP_SnRV	AP	118	0.1276	0.0	0
ENV_SnRV	ENV	1130	0.2366	0.1558	0
ENV_ASSBSV	ENV	687	0.2298	0.198	0
GAG_ASSBSV	GAG	749	0.557	0.5888	1
GAG_BFV	GAG	544	0.4788	0.5018	1
AP_BFV	AP	168	0.1329	0.0833	0
ENV_BFV	ENV	990	0.1183	0.0677	0
GAG_DrFV-1	GAG	674	0.5254	0.5519	0
AP_DrFV-1	AP	183	0.1369	0.0	0
GAG_EFV	GAG	559	0.4337	0.415	1
AP_EFV	AP	205	0.1377	0.0732	0
ENV_EFV	ENV	986	0.109	0.0375	0
ENV_FFV	ENV	982	0.1562	0.1222	0
GAG_FFV	GAG	514	0.3598	0.3268	1
AP_FFV	AP	163	0.157	0.092	0
ENV_PyERV	ENV	638	0.2468	0.21	0
GAG_PyERV	GAG	561	0.3872	0.4296	0
AP_PyERV	AP	132	0.3642	0.4242	0
GAG_Amn-ichi	GAG	328	0.2719	0.2591	0
GAG_Amn-san	GAG	346	0.3634	0.4277	0
GAG_Amn-ni	GAG	330	0.3555	0.3515	0
GAG_Boudicca	GAG	274	0.305	0.2555	0
GAG_CFG1	GAG	298	0.3067	0.2517	0
GAG_DRM	GAG	258	0.1456	0.0504	0
GAG_Gmr1	GAG	297	0.4191	0.5152	0
GAG_Hydra2-1	GAG	274	0.2131	0.1277	0
GAG_REM1	GAG	556	0.4157	0.4406	0
GAG_rGmr1	GAG	252	0.1708	0.127	0
GAG_SPM	GAG	283	0.2766	0.2438	0
GAG_Tor1	GAG	553	0.3995	0.387	0
GAG_Tor2	GAG	376	0.2836	0.2021	0
GAG_Tor4a	GAG	385	0.3006	0.2675	0
GAG_G-Rhodo	GAG	397	0.4483	0.5819	0
AP_DRM	AP	84	0.1086	0.0	0
AP_CFG1	AP	86	0.1872	0.0	0
AP_Hydra2-1	AP	88	0.1807	0.0	0
AP_SPM	AP	127	0.1625	0.0	0
AP_Gmr1	AP	83	0.3269	0.0	0
AP_rGmr1	AP	85	0.1619	0.0	0
AP_Amn-ichi	AP	90	0.2494	0.0	0
AP_Amn-san	AP	91	0.1922	0.0	0
AP_Amn-ni	AP	90	0.1796	0.0	0
AP_REM1	AP	97	0.1255	0.0	0
AP_G-Rhodo	AP	86	0.3854	0.5	0
AP_Tor4a	AP	83	0.219	0.1928	0
AP_Tor2	AP	85	0.2785	0.0	0
AP_Boudicca	AP	79	0.2284	0.0	0
AP_Tor1	AP	94	0.3001	0.4149	0
RT_SnRV	RT	232	0.0652	0.0	0
RT_ZFERV-2	RT	228	0.0753	0.0	0
RT_ASSBSV	RT	230	0.1953	0.1913	0
RT_ZFERV	RT	230	0.0864	0.0	0
ORFX_PyERV	ORFX	100	0.4303	0.27	0
dUTPase_PyERV	dUTPase	112	0.1776	0.0	0
phosporylase_XEN1	phosporylase	252	0.1248	0.0	0
ORF1_SnRV	ORF1	52	0.7167	1.0	0
ORF2_SnRV	ORF2	94	0.8336	1.0	0
ORF3_SnRV	ORF3	205	0.1805	0.1317	0
RT_XEN1	RT	235	0.1716	0.1106	0
RT_K-HERV	RT	230	0.0854	0.0	0
RT_PyERV	RT	231	0.0981	0.0	0
RT_BFV	RT	223	0.1086	0.0717	0
RT_EFV	RT	223	0.1048	0.0717	0
RT_FFV	RT	223	0.0812	0.0	0
RT_DrFV-1	RT	225	0.0916	0.0	0
RNaseH_Gmr1	RNaseH	119	0.3669	0.3529	0
RNaseH_rGmr1	RNaseH	118	0.2828	0.2458	0
RNaseH_REM1	RNaseH	117	0.677	1.0	0
RNaseH_CFG1	RNaseH	124	0.2013	0.0	0
RNaseH_DRM	RNaseH	124	0.2771	0.1855	0
RNaseH_SPM	RNaseH	124	0.1523	0.0	0
RNaseH_Hydra2-1	RNaseH	124	0.1711	0.0	0
RNaseH_Tor4a	RNaseH	129	0.1961	0.0	0
RNaseH_Boudicca	RNaseH	121	0.378	0.3802	0
RNaseH_Tor1	RNaseH	127	0.3408	0.3071	0
RNaseH_Tor2	RNaseH	119	0.1188	0.0	0
RNaseH_Amn-san	RNaseH	122	0.2798	0.1803	0
RNaseH_Amn-ni	RNaseH	121	0.2722	0.1653	0
RNaseH_Amn-ichi	RNaseH	120	0.1582	0.0	0
RNaseH_G-Rhodo	RNaseH	120	0.1446	0.0	0
RT_Gmr1	RT	224	0.0987	0.0	0
RT_rGmr1	RT	224	0.1344	0.058	0
RT_REM1	RT	226	0.0866	0.0	0
RT_CFG1	RT	233	0.0785	0.0	0
RT_DRM	RT	232	0.0615	0.0	0
RT_SPM	RT	233	0.0821	0.0	0
RT_Hydra2-1	RT	233	0.0587	0.0	0
RT_Tor4a	RT	229	0.1236	0.0	0
RT_Boudicca	RT	224	0.1492	0.1161	0
RT_Tor1	RT	227	0.0881	0.0	0
RT_Tor2	RT	240	0.0874	0.0	0
RT_Amn-san	RT	233	0.0827	0.0	0
RT_Amn-ni	RT	233	0.0754	0.0	0
RT_Amn-ichi	RT	232	0.0963	0.0	0
RT_G-Rhodo	RT	225	0.1093	0.0667	0
INT_REM1	INT	365	0.2584	0.0493	0
INT_Tricopia	INT	263	0.1694	0.0	0
INT_Hydra1-2	INT	259	0.0962	0.0	0
INT_Hydra1-1	INT	274	0.1169	0.0	0
INT_pCretro3	INT	266	0.1068	0.0	0
INT_pCretro6	INT	270	0.1126	0.0	0
INT_1731	INT	265	0.1229	0.0	0
INT_Xanthias	INT	264	0.1158	0.0	0
INT_SIRE1-4	INT	265	0.13	0.0	0
INT_Opie-2	INT	265	0.1441	0.0	0
INT_Endovir1-1	INT	265	0.1446	0.0	0
INT_ToRTL1	INT	281	0.2536	0.089	0
INT_TSI-9	INT	265	0.1656	0.0	0
INT_Araco	INT	264	0.2949	0.2348	0
INT_Oryco1-1	INT	260	0.1523	0.0	0
INT_Poco	INT	253	0.1986	0.0711	0
INT_Oryco1-2	INT	264	0.0933	0.0	0
INT_Melmoth	INT	258	0.203	0.2132	0
INT_Retrofit	INT	260	0.2191	0.1077	0
INT_Koala	INT	260	0.1541	0.0	0
INT_Hopscotch	INT	259	0.2001	0.139	0
INT_Tto1	INT	259	0.1305	0.0	0
INT_Batata	INT	261	0.1429	0.0	0
RNaseH_SnRV	RNaseH	146	0.2647	0.1507	0
RNaseH_ZFERV-2	RNaseH	145	0.1421	0.0	0
RNaseH_ASSBSV	RNaseH	146	0.2504	0.089	0
RNaseH_ZFERV	RNaseH	146	0.2688	0.1233	0
RNaseH_XEN1	RNaseH	142	0.2141	0.1056	0
RNaseH_K-HERV	RNaseH	124	0.2125	0.1452	0
RNaseH_PyERV	RNaseH	129	0.3774	0.4031	0
RNaseH_BFV	RNaseH	153	0.2609	0.2876	0
RNaseH_EFV	RNaseH	153	0.2899	0.2876	0
RNaseH_FFV	RNaseH	154	0.1927	0.1494	0
RNaseH_DrFV-1	RNaseH	143	0.3498	0.1678	0
INT_Sto-4	INT	268	0.0911	0.0	0
INT_Fourf	INT	259	0.2631	0.1892	0
INT_Tork4	INT	258	0.1067	0.0	0
INT_RTvr2	INT	260	0.1193	0.0	0
INT_V12	INT	259	0.177	0.0	0
INT_Tnt-1	INT	261	0.1732	0.0	0
INT_Koco	INT	266	0.094	0.0	0
INT_Copia	INT	267	0.1022	0.0	0
INT_Mtanga	INT	264	0.1182	0.0	0
INT_Humnum	INT	264	0.1996	0.1326	0
INT_Yokozuna	INT	248	0.1765	0.0	0
INT_CoDi6.3	INT	267	0.1988	0.0524	0
INT_CoDi6.2	INT	269	0.2328	0.1896	0
INT_CoDi6.4	INT	270	0.2421	0.2222	0
INT_CoDi6.5	INT	264	0.1926	0.0	0
INT_CoDi6.1	INT	290	0.1553	0.0621	0
INT_CoDi6.7	INT	293	0.1875	0.2116	0
INT_CoDi6.6	INT	321	0.4018	0.4642	0
INT_Olco1	INT	252	0.1183	0.0	0
INT_Zeco1	INT	255	0.1267	0.0	0
INT_GalEa1	INT	255	0.1233	0.0	0
INT_Cico1	INT	256	0.1396	0.0	0
INT_Zeco2	INT	256	0.1317	0.0	0
INT_Tse1	INT	272	0.1461	0.0	0
INT_Ty1B	INT	272	0.2576	0.2206	0
INT_Ty2	INT	272	0.1917	0.0882	0
INT_Ty4	INT	270	0.2011	0.2407	0
INT_Tkm1	INT	273	0.186	0.0	0
INT_pCal	INT	262	0.1849	0.0763	0
INT_Tdh2	INT	265	0.1888	0.2075	0
INT_CoDi5.3	INT	269	0.1564	0.119	0
INT_CoDi5.2	INT	269	0.1992	0.1599	0
INT_CoDi5.1	INT	270	0.2382	0.1667	0
INT_CoDi5.6	INT	282	0.1981	0.1028	0
INT_CoDi5.5	INT	253	0.1698	0.1186	0
INT_CoDi5.4	INT	265	0.2444	0.1585	0
INT_CoDi4.3	INT	252	0.3275	0.3056	0
INT_CoDi4.5	INT	257	0.3128	0.3268	0
INT_CoDi4.1	INT	265	0.3046	0.3887	0
INT_CoDi4.4	INT	251	0.2302	0.1315	0
INT_CoDi3.1	INT	272	0.2894	0.3235	0
INT_CoDi2.4	INT	272	0.1811	0.0	0
INT_CoDi7.1	INT	491	0.4627	0.389	0
INT_Osser	INT	267	0.1067	0.0	0
INT_PyRE1G1	INT	263	0.2642	0.2205	0
RNaseH_Tricopia	RNaseH	151	0.1292	0.0	0
RNaseH_Hydra1-2	RNaseH	156	0.1463	0.0	0
RNaseH_Hydra1-1	RNaseH	155	0.156	0.0	0
RNaseH_pCretro3	RNaseH	151	0.1239	0.0	0
RNaseH_pCretro6	RNaseH	152	0.1624	0.0855	0
RNaseH_1731	RNaseH	152	0.1857	0.0	0
RNaseH_Xanthias	RNaseH	152	0.1434	0.0	0
RNaseH_SIRE1-4	RNaseH	151	0.1878	0.1391	0
RNaseH_Opie-2	RNaseH	151	0.2585	0.1722	0
RNaseH_Endovir1-1	RNaseH	152	0.2375	0.1513	0
RNaseH_ToRTL1	RNaseH	151	0.2172	0.1258	0
RNaseH_TSI-9	RNaseH	151	0.481	0.6225	0
RNaseH_Araco	RNaseH	152	0.1623	0.1053	0
RNaseH_Oryco1-1	RNaseH	152	0.1705	0.0	0
RNaseH_Vitico1-1	RNaseH	137	0.0858	0.0	0
RNaseH_Poco	RNaseH	154	0.085	0.0	0
RNaseH_Oryco1-2	RNaseH	155	0.1608	0.1161	0
RNaseH_Melmoth	RNaseH	152	0.341	0.3092	0
RNaseH_Retrofit	RNaseH	152	0.2426	0.2961	0
RNaseH_Koala	RNaseH	152	0.326	0.3092	0
RNaseH_Hopscotch	RNaseH	125	0.1296	0.0	0
RNaseH_Tto1	RNaseH	151	0.186	0.1126	0
RNaseH_Batata	RNaseH	166	0.1982	0.0964	0
RNaseH_Sto-4	RNaseH	154	0.1796	0.0909	0
RNaseH_Fourf	RNaseH	155	0.2749	0.129	0
RNaseH_Tork4	RNaseH	148	0.1887	0.0946	0
RNaseH_RTvr2	RNaseH	150	0.1664	0.1133	0
RNaseH_V12	RNaseH	151	0.2239	0.1126	0
RNaseH_Tnt-1	RNaseH	151	0.1456	0.1126	0
RNaseH_Koco	RNaseH	153	0.1411	0.0	0
RNaseH_Copia	RNaseH	153	0.1395	0.0	0
RNaseH_Mtanga	RNaseH	151	0.2083	0.1325	0
RNaseH_Humnum	RNaseH	151	0.1838	0.0	0
RNaseH_Yokozuna	RNaseH	152	0.2324	0.125	0
RNaseH_CoDi6.3	RNaseH	153	0.2605	0.2418	0
RNaseH_CoDi6.2	RNaseH	153	0.233	0.1634	0
RNaseH_CoDi6.4	RNaseH	152	0.1913	0.125	0
RNaseH_CoDi6.5	RNaseH	153	0.338	0.3333	0
RNaseH_CoDi6.1	RNaseH	170	0.1298	0.0	0
RNaseH_CoDi6.7	RNaseH	170	0.1715	0.1412	0
RNaseH_CoDi6.6	RNaseH	168	0.2248	0.0	0
RNaseH_Olco1	RNaseH	160	0.136	0.1062	0
RNaseH_Zeco1	RNaseH	161	0.1494	0.1118	0
RNaseH_GalEa1	RNaseH	155	0.1255	0.0	0
RNaseH_Cico1	RNaseH	161	0.1234	0.0	0
RNaseH_Zeco2	RNaseH	161	0.0997	0.0	0
RNaseH_Tse1	RNaseH	151	0.1449	0.0	0
RNaseH_Ty1B	RNaseH	151	0.0994	0.0	0
RNaseH_Ty2	RNaseH	151	0.1246	0.0	0
RNaseH_Ty4	RNaseH	145	0.1068	0.0	0
RNaseH_Tkm1	RNaseH	151	0.2763	0.1523	0
RNaseH_pCal	RNaseH	149	0.1003	0.0	0
RNaseH_Tdh2	RNaseH	148	0.117	0.0878	0
RNaseH_CoDi5.2	RNaseH	166	0.3265	0.2349	0
RNaseH_CoDi5.1	RNaseH	169	0.4473	0.3077	0
RNaseH_CoDi5.6	RNaseH	160	0.3344	0.2687	0
RNaseH_CoDi5.5	RNaseH	157	0.3564	0.3185	0
RNaseH_CoDi5.4	RNaseH	154	0.4417	0.513	0
RNaseH_CoDi4.3	RNaseH	152	0.2158	0.1118	0
RNaseH_CoDi4.5	RNaseH	152	0.2197	0.0855	0
RNaseH_CoDi4.1	RNaseH	152	0.2705	0.0	0
RNaseH_CoDi4.4	RNaseH	152	0.3005	0.2368	0
RNaseH_CoDi3.1	RNaseH	152	0.2409	0.0	0
RNaseH_CoDi2.4	RNaseH	152	0.1084	0.0	0
RNaseH_CoDi7.1	RNaseH	152	0.1692	0.0	0
RNaseH_Osser	RNaseH	151	0.1834	0.0	0
RNaseH_PyRE1G1	RNaseH	151	0.1592	0.1192	0
RT_Tricopia	RT	250	0.079	0.0	0
RT_Hydra1-2	RT	252	0.0633	0.0	0
RT_Hydra1-1	RT	250	0.0733	0.0	0
RT_pCretro3	RT	248	0.0576	0.0	0
RT_pCretro6	RT	251	0.0467	0.0	0
RT_1731	RT	253	0.0561	0.0	0
RT_Xanthias	RT	253	0.0702	0.0	0
RT_SIRE1-4	RT	251	0.0511	0.0	0
RT_Opie-2	RT	251	0.0463	0.0	0
RT_Endovir1-1	RT	251	0.0417	0.0	0
RT_ToRTL1	RT	248	0.1012	0.0	0
RT_TSI-9	RT	251	0.0601	0.0	0
RT_Araco	RT	251	0.0563	0.0	0
RT_Oryco1-1	RT	262	0.0476	0.0	0
RT_Poco	RT	250	0.0429	0.0	0
RT_Oryco1-2	RT	240	0.1322	0.0	0
RT_Melmoth	RT	255	0.0533	0.0	0
RT_Retrofit	RT	251	0.0526	0.0	0
RT_Koala	RT	249	0.0556	0.0	0
RT_Hopscotch	RT	255	0.2063	0.1765	0
RT_Tto1	RT	254	0.072	0.0	0
RT_Batata	RT	254	0.077	0.0	0
RT_Sto-4	RT	253	0.0653	0.0	0
RT_Fourf	RT	252	0.0589	0.0	0
RT_Tork4	RT	255	0.0653	0.0	0
RT_RTvr2	RT	253	0.0702	0.0	0
RT_V12	RT	254	0.1122	0.0	0
RT_Tnt-1	RT	254	0.0594	0.0	0
RT_Koco	RT	250	0.0407	0.0	0
RT_Copia	RT	250	0.0744	0.0	0
RT_Mtanga	RT	251	0.0545	0.0	0
RT_Humnum	RT	252	0.0626	0.0	0
RT_Yokozuna	RT	232	0.0794	0.0	0
RT_CoDi6.3	RT	250	0.1956	0.204	0
RT_CoDi6.2	RT	249	0.1207	0.0	0
RT_CoDi6.4	RT	274	0.0587	0.0	0
RT_CoDi6.5	RT	268	0.1469	0.1343	0
RT_CoDi6.1	RT	255	0.1585	0.0	0
RT_CoDi6.7	RT	254	0.0799	0.0	0
RT_CoDi6.6	RT	254	0.0961	0.0	0
RT_Olco1	RT	244	0.0567	0.0	0
RT_Zeco1	RT	244	0.0537	0.0	0
RT_GalEa1	RT	244	0.0737	0.0	0
RT_Cico1	RT	246	0.0968	0.0	0
RT_Zeco2	RT	250	0.068	0.0	0
RT_Tse1	RT	247	0.0786	0.0	0
RT_Ty1B	RT	241	0.0744	0.0	0
RT_Ty2	RT	242	0.0872	0.0	0
RT_Ty4	RT	249	0.0572	0.0	0
RT_Tkm1	RT	247	0.0994	0.0	0
RT_pCal	RT	245	0.0919	0.0	0
RT_Tdh2	RT	244	0.0698	0.0	0
RT_CoDi5.3	RT	269	0.0874	0.0	0
RT_CoDi5.2	RT	269	0.0801	0.0	0
RT_CoDi5.1	RT	269	0.0762	0.0	0
RT_CoDi5.6	RT	273	0.0495	0.0	0
RT_CoDi5.5	RT	272	0.0545	0.0	0
RT_CoDi5.4	RT	271	0.0623	0.0	0
RT_CoDi4.3	RT	256	0.1051	0.0	0
RT_CoDi4.5	RT	255	0.0821	0.0	0
RT_CoDi4.1	RT	216	0.1375	0.0	0
RT_CoDi4.4	RT	260	0.0635	0.0	0
RT_CoDi3.1	RT	254	0.09	0.0	0
RT_CoDi2.4	RT	253	0.0721	0.0	0
RT_CoDi7.1	RT	247	0.0459	0.0	0
RT_Osser	RT	251	0.0546	0.0	0
RT_PyRE1G1	RT	249	0.1137	0.0	0
GAG_Spirobel	GAG	434	0.2107	0.1406	0
AP_Spirobel	AP	165	0.1171	0.0	0
RT_Spirobel	RT	417	0.0842	0.0	0
RNaseH_Spirobel	RNaseH	191	0.2976	0.3246	0
GAG_Tribel	GAG	494	0.3313	0.3219	0
AP_Tribel	AP	130	0.202	0.0	0
RT_Tribel	RT	434	0.119	0.0369	0
RNaseH_Tribel	RNaseH	204	0.2287	0.1618	0
AP_Nabel	AP	153	0.1434	0.0	0
RT_Nabel	RT	406	0.0655	0.0	0
RNaseH_Nabel	RNaseH	174	0.1711	0.0	0
GAG_Purbel	GAG	465	0.2969	0.2731	0
AP_Purbel	AP	143	0.1199	0.0	0
RT_Purbel	RT	433	0.1042	0.0	0
RNaseH_Purbel	RNaseH	167	0.0917	0.0	0
GAG_Hydra3-1	GAG	404	0.2379	0.1337	0
AP_Hydra3-1	AP	155	0.1184	0.0	0
RT_Hydra3-1	RT	438	0.1031	0.0	0
RNaseH_Hydra3-1	RNaseH	186	0.2079	0.2688	0
REV_SIVMND	REV	101	0.4213	0.6337	0
NEF_SIVMND	NEF	214	0.3466	0.3972	0
TAT_SIVMND	TAT	100	0.2549	0.17	0
VPX_SIVAGM	VPX	117	0.3624	0.2308	0
VPR_SIVMND	VPR	104	0.3378	0.3462	0
VIF_SIVAGM	VIF	162	0.0726	0.0	0
VIF_SIVMND	VIF	167	0.1231	0.0	0
CHR_Bagy-1	CHR	51	0.396	0.0	0
CHR_Retrosat-2	CHR	49	0.627	1.0	0
CHR_Legolas	CHR	51	0.3279	0.0	0
CHR_Tma	CHR	52	0.1707	0.0	0
CHR_Peabody	CHR	51	0.2809	0.0	0
CHR_Del	CHR	51	0.2619	0.0	0
CHR_Gimli	CHR	52	0.1688	0.0	0
CHR_Gloin	CHR	49	0.2215	0.0	0
CHR_Cft-1	CHR	44	0.1615	0.0	0
CHR_Pyret	CHR	48	0.3706	0.0	0
CHR_Cgret	CHR	49	0.3404	1.0	0
CHR_Skipper	CHR	43	0.147	0.0	0
CHR_Maggy	CHR	50	0.1736	0.0	0
CHR_Dane-1	CHR	50	0.5803	1.0	0
CHR_Real	CHR	49	0.187	0.0	0
CHR_Pyggy	CHR	44	0.1768	0.0	0
CHR_Grasshopper	CHR	48	0.2772	0.0	0
CHR_Sushi-ichi	CHR	47	0.4255	1.0	0
CHR_marY1	CHR	47	0.3061	0.0	0
CHR_Skippy	CHR	48	0.271	0.0	0
CHR_Ifg7	CHR	50	0.3865	0.0	0
CHR_Monkey	CHR	53	0.2389	0.0	0
CHR_Galadriel	CHR	53	0.1611	0.0	0
CHR_Reina	CHR	46	0.4624	1.0	0
CHR_MGLR3	CHR	47	0.1525	0.0	0
CHR_Tntom1	CHR	53	0.4879	0.0	0
CHR_histoneacetyltransferase	CHR	54	0.2502	0.0	0
CHR_ECp181-carrot	CHR	50	0.2702	0.26	0
CHR_ESA1	CHR	46	0.1935	0.0	0
CHR_VC5.4	CHR	46	0.1565	0.0	0
CHR_A33_PLEWA	CHR	50	0.2495	0.0	0
CHR_MOF	CHR	53	0.4765	1.0	0
CHR_ALP13	CHR	57	0.1228	0.0	0
CHR_MRG15	CHR	57	0.1143	0.0	0
CHR_MSL3-like	CHR	67	0.181	0.0	0
CHR_MSL-3	CHR	67	0.1882	0.0	0
CHR_MPc2	CHR	47	0.2723	0.0	0
CHR_POLYCOMB	CHR	47	0.1536	0.0	0
CHR_Suv39h1	CHR	47	0.1695	0.0	0
CHR_PDDp3	CHR	50	0.1478	0.0	0
CHR_CHRp	CHR	44	0.3399	0.0	0
CHR_T12E12.2	CHR	59	0.2623	0.0	0
CHR_H3-K9-HMTase	CHR	47	0.1613	0.0	0
CHR_LdPh	CHR	50	0.2362	0.0	0
CHR_SD06626p	CHR	50	0.1541	0.0	0
CHR_CG18186	CHR	48	0.1371	0.0	0
CHR_CG10683-PA	CHR	48	0.2094	0.0	0
CHR_C15H11.5	CHR	46	0.2802	0.0	0
CHR_Clr4	CHR	50	0.2522	0.0	0
CHR_T09A5.8	CHR	49	0.2165	0.0	0
CHR_CMT1	CHR	54	0.1441	0.0	0
CHR_CMT3	CHR	54	0.237	0.0	0
CHR_ZMET5	CHR	52	0.2083	0.0	0
CHR_F13C5.190	CHR	56	0.1386	0.0	0
CHR_PDD1	CHR	50	0.1831	0.0	0
CHR_polycomb-like	CHR	48	0.2773	0.0	0
CHR_TsCpYp2	CHR	49	0.3234	0.0	0
CHR_F32E10.2	CHR	49	0.1267	0.0	0
CHR_F32E10.6	CHR	51	0.2893	0.0	0
CHR_3B49	CHR	52	0.13	0.0	0
CHR_CHRassSWI6	CHR	51	0.2186	0.0	0
CHR_FYSp	CHR	51	0.3059	0.0	0
CHR_CG8120-PA	CHR	47	0.3067	0.0	0
CHR_CHRBOXp	CHR	47	0.269	0.0	0
CHR_C29H12.5	CHR	49	0.508	1.0	0
CHR_C50A2.2	CHR	51	0.2877	0.0	0
CHR_F11C18.100	CHR	65	0.3055	0.3846	0
CHR_F26F12.7	CHR	71	0.6451	1.0	0
CHR_CHD-4	CHR	75	0.5179	1.0	0
CHR_CHD-3	CHR	75	0.5059	1.0	0
CHR_dMi-2	CHR	67	0.3739	0.4478	0
CHR_DmCHD3	CHR	61	0.211	0.0	0
CHR_KIAA1416	CHR	60	0.298	0.3167	0
CHR_Beta-catenin	CHR	60	0.1235	0.0	0
CHR_PTEF	CHR	50	0.1522	0.0	0
CHR_EF-3CVK2	CHR	49	0.2324	0.0	0
CHR_CHD-1	CHR	49	0.1934	0.0	0
CHR_hrp1	CHR	60	0.291	0.0	0
CHR_CHD-1b	CHR	58	0.3708	0.2759	0
CHR_CHD-2	CHR	58	0.3102	0.2759	0
CHR_DmCHDNABP	CHR	62	0.3006	0.3065	0
CHR_L9MH3	CHR	47	0.2849	0.0	0
CHR_HP1	CHR	47	0.2518	0.0	0
CHR_CEC-1	CHR	47	0.3393	0.0	0
CHR_HaP1-like	CHR	47	0.3672	0.0	0
CHR_CAO	CHR	47	0.2884	0.0	0
CHR_H06001.2	CHR	53	0.4021	0.3208	0
CHR_hrp3	CHR	50	0.1322	0.0	0
CHR_GYMNOS	CHR	48	0.1867	0.0	0
CHR_ATCH-DNA-binding	CHR	53	0.1027	0.0	0
CHR_CG3696-PA	CHR	52	0.4897	1.0	0
CHR_HsCHDNABP5	CHR	52	0.2286	0.0	0
CHR_T04D1.4	CHR	47	0.1464	0.0	0
CHR_K06A5.1	CHR	50	0.369	1.0	0
CHR_HsZinc-fingerhelicase	CHR	50	0.483	1.0	0
CHR_HP1Ce	CHR	47	0.2049	0.0	0
CHR_K01G5.2	CHR	48	0.3524	0.0	0
CHR_T32E20.30	CHR	48	0.1149	0.0	0
CHR_Y37D8A.11	CHR	56	0.1598	0.0	0
CHR_RBBP-1	CHR	64	0.1436	0.0	0
CHR_CSAHP1M31	CHR	48	0.3465	0.0	0
CHR_CSCG15636-PA	CHR	48	0.2852	0.0	0
CHR_CSHP1	CHR	48	0.3373	0.0	0
CHR_CSK01G5.2	CHR	46	0.2452	0.0	0
CHR_CSHP1Ce	CHR	46	0.175	0.0	0
CHR_CSFYSwi6	CHR	47	0.3644	0.0	0
CHR_CSFYSp	CHR	47	0.1618	0.0	0
CHR_CSPolycomb-like	CHR	64	0.2379	0.0	0
CHR_CSLHP1At	CHR	51	0.2723	0.0	0
CHR_CSpolycombOs	CHR	51	0.3677	0.0	0
CHR_CSHP1Le	CHR	51	0.2329	0.0	0
ENV_RCHO-K1	ENV	591	0.3783	0.4095	0
ENV_KoRV	ENV	659	0.1864	0.1184	0
ENV_HERV-E	ENV	670	0.099	0.0597	0
ENV_HERV-K10	ENV	400	0.1642	0.0625	0
ENV_PERV-MSL	ENV	638	0.1982	0.1191	0
ENV_RTVL-Ia	ENV	111	0.4426	0.3063	0
ENV_Cer1	ENV	412	0.1761	0.1214	0
ENV_Nomad	ENV	153	0.0828	0.0	0
ENV_WdSV	ENV	1225	0.2459	0.1698	0
ENV_Cyclops-2	ENV	422	0.3055	0.2678	0
ENV_Calypso2-1	ENV	417	0.311	0.3837	0
ENV_Athila4-1	ENV	619	0.3488	0.3021	0
ENV_17.6	ENV	451	0.1515	0.0576	0
ENV_297	ENV	451	0.1463	0.0643	0
ENV_Tom	ENV	453	0.1516	0.0618	0
ENV_Idefix	ENV	450	0.116	0.0	0
ENV_Zam	ENV	520	0.1448	0.0481	0
ENV_Ted	ENV	553	0.0938	0.0579	0
ENV_Tv1	ENV	221	0.1216	0.0	0
ENV_Gypsy	ENV	471	0.0957	0.0297	0
ENV_Gypsyvir	ENV	465	0.0799	0.028	0
ENV_Springer	ENV	421	0.0865	0.0	0
ENV_Yoyo	ENV	484	0.1091	0.0558	0
ENV_Osvaldo	ENV	367	0.7616	1.0	0
ENV_VMV	ENV	366	0.2269	0.2322	0
ENV_HIV-2	ENV	345	0.0947	0.0464	0
ENV_SIVMAC	ENV	355	0.1052	0.0423	0
ENV_HIV-1	ENV	353	0.1128	0.0	0
ENV_SA-OMVV	ENV	381	0.1394	0.0446	0
ENV_CAEV	ENV	382	0.1732	0.0995	0
ENV_SIVMND	ENV	354	0.07	0.0	0
ENV_FIV	ENV	368	0.0873	0.0	0
ENV_BIV	ENV	375	0.0938	0.0	0
ENV_SIVAGM	ENV	363	0.108	0.0	0
ENV_EIAV	ENV	316	0.0873	0.0	0
ENV_SERV	ENV	327	0.0902	0.0	0
ENV_SRV-1	ENV	333	0.069	0.0	0
ENV_MPMV	ENV	332	0.0778	0.0	0
ENV_SMRV-H	ENV	322	0.1885	0.1957	0
ENV_JSRV	ENV	340	0.0637	0.0	0
ENV_MMTV	ENV	345	0.0444	0.0	0
ENV_RSV	ENV	323	0.0949	0.0	0
ENV_LPDV	ENV	315	0.2109	0.1206	0
ENV-SFV-1	ENV-SFV-1	848	0.1179	0.02	0
ENV-HFV	ENV-HFV	847	0.1219	0.0614	0
ENV_FeLV	ENV	328	0.0663	0.0	0
ENV_MuLV	ENV	328	0.058	0.0	0
ENV_GALV	ENV	331	0.0524	0.0	0
ENV_MdEV	ENV	327	0.0733	0.0	0
ENV_BAEVM	ENV	325	0.07	0.0	0
ENV_REV	ENV	328	0.0624	0.0	0
ENV_HTLV-2	ENV	266	0.4255	0.5	0
ENV_STcLV2PP1664	ENV	266	0.3724	0.4098	0
ENV_HTLV-1	ENV	266	0.335	0.4098	0
ENV_BLV	ENV	268	0.1154	0.0	0
GAG_Cer4	GAG	311	0.2444	0.3666	0
GAG_Cer5	GAG	264	0.344	0.3674	0
GAG_Cer6	GAG	364	0.2952	0.2665	0
GAG_SURL	GAG	274	0.3224	0.365	0
GAG_Mag	GAG	314	0.2712	0.2452	0
GAG_Gulliver	GAG	231	0.1068	0.0	0
GAG_Bagy-2	GAG	386	0.1491	0.0648	0
GAG_Athila4-1	GAG	615	0.5807	0.6276	1
GAG_Calypso5-1	GAG	427	0.2695	0.2272	1
GAG_GALV	GAG	504	0.3469	0.3671	0
GAG_KoRV	GAG	510	0.3646	0.398	0
GAG_REV	GAG	484	0.3868	0.3988	0
GAG_HERV-E	GAG	493	0.2898	0.2617	0
GAG_RTVL-Ia	GAG	232	0.4336	0.4224	0
GAG_MdEV	GAG	505	0.3227	0.3842	0
GAG_PERV-MSL	GAG	508	0.3484	0.3957	0
GAG_FeLV	GAG	493	0.3503	0.3164	0
GAG_RCHO-K1	GAG	496	0.3632	0.3306	0
GAG_BAEVM	GAG	518	0.3532	0.3185	0
GAG_WdSV	GAG	487	0.3364	0.3039	0
GAG_MuLV	GAG	518	0.3826	0.4073	0
GAG_LPDV	GAG	667	0.3763	0.3058	0
GAG_RSV	GAG	541	0.3496	0.342	0
GAG_MPMV	GAG	594	0.2856	0.2391	0
GAG_HERV-K10	GAG	645	0.3189	0.2853	0
GAG_MMTV	GAG	569	0.2832	0.2496	0
GAG_SERV	GAG	595	0.2878	0.2521	0
GAG_SRV-1	GAG	595	0.319	0.2571	0
GAG_JSRV	GAG	553	0.2371	0.1429	0
GAG_SMRV-H	GAG	663	0.5132	0.5098	0
GAG_STcLV2PP1664	GAG	410	0.3147	0.261	0
GAG_HTLV-2	GAG	410	0.3297	0.2683	0
GAG_HTLV-1	GAG	406	0.303	0.197	0
GAG_BLV	GAG	392	0.3036	0.3036	0
GAG_HFV	GAG	528	0.3939	0.3598	0
GAG_SFV-1	GAG	533	0.3945	0.364	0
GAG_MuERV-L	GAG	414	0.3165	0.2923	0
GAG_SA-OMVV	GAG	431	0.1371	0.0302	0
GAG_CAEV	GAG	426	0.1744	0.0	0
GAG_FIV	GAG	422	0.1301	0.0403	0
GAG_BIV	GAG	449	0.2506	0.2294	0
GAG_EIAV	GAG	427	0.1004	0.0	0
GAG_HIV-2	GAG	438	0.2167	0.1096	0
GAG_HIV-1	GAG	436	0.2137	0.1399	0
GAG_VMV	GAG	435	0.1428	0.0299	0
GAG_SIVMAC	GAG	440	0.2049	0.1045	0
GAG_SIVAGM	GAG	449	0.2312	0.1849	0
GAG_SIVMND	GAG	435	0.2047	0.1287	0
GAG_ORF1_Ogre	GAG	546	0.0928	0.0	0
GAG__ORF2_Ogre	GAG	839	0.5055	0.5673	0
GAG_B1147A04.5	GAG	339	0.5179	0.5841	0
GAG_Tat4-1	GAG	545	0.5067	0.589	0
GAG_Tft2	GAG	393	0.3447	0.3817	0
GAG_CRM	GAG	408	0.4095	0.4191	0
GAG_Beetle1	GAG	359	0.3321	0.2674	0
GAG_Tntom1	GAG	149	0.0886	0.0	0
GAG_RetroSor1	GAG	617	0.6072	0.6418	0
GAG_Cereba	GAG	382	0.4818	0.5942	0
GAG_Reina	GAG	428	0.4386	0.3902	0
GAG_Gloin	GAG	228	0.2512	0.3377	0
GAG_Gimli	GAG	371	0.3418	0.2722	0
GAG_Ifg7	GAG	167	0.3223	0.4251	0
GAG_Cereba_Cter_reverse	GAG	319	0.1518	0.0	0
GAG_Monkey	GAG	162	0.3807	0.4012	0
GAG_Galadriel	GAG	389	0.3118	0.3239	0
GAG_Del	GAG	289	0.3389	0.3564	0
GAG_Legolas	GAG	509	0.3799	0.3811	0
GAG_Peabody	GAG	354	0.2307	0.2147	0
GAG_Retrosat-2	GAG	416	0.4524	0.4856	1
GAG_Bagy-1	GAG	334	0.3836	0.3922	0
GAG_Mdg3	GAG	392	0.3827	0.3367	0
GAG_Blastopia	GAG	318	0.2515	0.1698	0
GAG_Micropia	GAG	276	0.2367	0.308	0
GAG_Skipper	GAG	382	0.3882	0.3743	0
GAG_Ty3-1	GAG	307	0.3474	0.4202	0
GAG_Tse3	GAG	255	0.3332	0.298	0
GAG_Tma	GAG	297	0.4118	0.33	0
GAG_Diaspora	GAG	660	0.5027	0.5424	1
GAG_Cyclops-2	GAG	666	0.485	0.509	1
GAG_Circe	GAG	299	0.303	0.194	0
GAG_RIRE2	GAG	740	0.6213	0.7676	0
GAG_Grande1-4	GAG	437	0.5288	0.6018	0
GAG_Cigr-1	GAG	300	0.322	0.27	0
GAG_Woot	GAG	425	0.5863	0.5906	1
GAG_CsRN1	GAG	250	0.2668	0.36	0
GAG_Kabuki	GAG	257	0.2323	0.2218	0
GAG_Osvaldo	GAG	413	0.3374	0.3317	0
GAG_Ulysses	GAG	482	0.602	0.6286	0
GAG_Cer1	GAG	733	0.4456	0.4175	0
GAG_Mdg1	GAG	451	0.3071	0.2284	1
GAG_412	GAG	687	0.4322	0.4294	1
GAG_Cer2	GAG	613	0.4448	0.5155	0
GAG_Cer3	GAG	514	0.4354	0.4747	0
GAG_TF2	GAG	269	0.3157	0.2751	0
GAG_TF1	GAG	266	0.2991	0.3195	0
GAG_Sushi-ichi	GAG	371	0.3583	0.3827	0
GAG_MGLR3	GAG	459	0.4803	0.4336	0
GAG_Grasshopper	GAG	349	0.3687	0.3266	0
GAG_Real	GAG	406	0.4007	0.4631	0
GAG_Pyggy	GAG	402	0.3954	0.4453	0
GAG_marY1	GAG	372	0.3497	0.4355	0
GAG_Maggy	GAG	457	0.4134	0.3895	0
GAG_Cft-1	GAG	639	0.4895	0.5055	0
GAG_Skippy	GAG	853	0.4665	0.5533	0
GAG_Cgret	GAG	837	0.4957	0.4946	1
GAG_Pyret	GAG	638	0.5207	0.5016	0
GAG_Dane-1	GAG	263	0.3674	0.4297	0
GAG_HMS-Beagle	GAG	467	0.4638	0.4839	1
GAG_Yoyo	GAG	470	0.4974	0.5	1
GAG_Gypsyvir	GAG	451	0.3697	0.408	0
GAG_Gypsy	GAG	451	0.4109	0.4257	0
GAG_Springer	GAG	454	0.4321	0.4251	0
GAG_Burdock	GAG	497	0.4377	0.4748	1
GAG_Nomad	GAG	417	0.4292	0.3933	1
GAG_Ted	GAG	410	0.5147	0.5244	0
GAG_Zam	GAG	343	0.3874	0.4402	0
GAG_Tv1	GAG	261	0.3204	0.2912	0
GAG_Idefix	GAG	347	0.4364	0.438	1
GAG_Tom	GAG	398	0.5606	0.5779	1
GAG_297	GAG	414	0.5411	0.5266	1
GAG_17.6	GAG	439	0.5673	0.5581	1
AP_CND41	AP	477	0.2036	0.1929	0
AP_Nepheneshin_II	AP	438	0.3553	0.4041	0
AP_Nucelin	AP	410	0.1202	0.0488	0
AP_AtASP38	AP	453	0.2185	0.181	0
AP_NM_114992.1	AP	529	0.246	0.1928	0
AP_SASPase_Mus_musculus	AP	339	0.3019	0.3274	0
AP_SASPase_Homo_sapiens	AP	343	0.2926	0.3265	0
AP_SASPase_Pan_troglodytes	AP	343	0.2925	0.3265	0
AP_SASPase_Bos_taurus	AP	313	0.1917	0.1661	0
AP_SASPase_Monodelphis_domestica	AP	314	0.1802	0.0955	0
AP_SASPase_Canis_familiaris	AP	298	0.173	0.0973	0
AP_DDIMfas	AP	396	0.2843	0.2424	0
AP_DDIMmus	AP	408	0.2851	0.2279	0
AP_DDIDan	AP	409	0.2424	0.154	0
AP_DDIRnor	AP	986	0.6583	0.6247	0
AP_DDIHum	AP	419	0.215	0.1432	0
AP_DDIXen	AP	393	0.2028	0.1247	0
AP_DDIDro	AP	458	0.3292	0.2664	0
AP_DDIan	AP	454	0.3216	0.3392	0
AP_DDISpom	AP	332	0.3246	0.2892	0
AP_DDIAni	AP	433	0.3302	0.3695	0
AP_DDINcra	AP	465	0.2844	0.2065	0
AP_DDIGzea	AP	600	0.3331	0.245	0
AP_DDIMgri	AP	495	0.3856	0.3212	0
AP_DDICer	AP	856	0.1712	0.0397	0
AP_DDILei	AP	390	0.3537	0.3513	0
AP_DDIAra	AP	395	0.3355	0.3671	0
AP_DDIPfal	AP	382	0.2042	0.1387	0
AP_DDIPyoe	AP	385	0.2167	0.1195	0
AP_DDIGlam	AP	257	0.0577	0.0	0
AP_DDICbri	AP	229	0.072	0.0	0
AP_Cparapcan	AP	402	0.1203	0.0771	0
AP_SAP7can	AP	588	0.2685	0.267	0
AP_hMemap1	AP	518	0.1566	0.1448	0
AP_hMemap2	AP	488	0.1213	0.0861	0
AP_Enpepcry	AP	419	0.1807	0.1074	0
AP_Sypepsyn	AP	395	0.1193	0.0608	0
AP_PepFequ	AP	388	0.0735	0.0361	0
AP_CatExen	AP	397	0.0987	0.0831	0
AP_Gastmac	AP	377	0.0569	0.0	0
AP_PepArin	AP	386	0.0996	0.0492	0
AP_Pepgal	AP	383	0.0946	0.0444	0
AP_CatDonc	AP	398	0.1049	0.0528	0
AP_CatDhum	AP	413	0.1264	0.0896	0
AP_CatDchi	AP	396	0.1153	0.1111	0
AP_CatDgal	AP	398	0.0863	0.0553	0
AP_CatDdro	AP	392	0.0949	0.0587	0
AP_CatDceg	AP	444	0.1313	0.1284	0
AP_CatDhyn	AP	397	0.0817	0.0579	0
AP_CatDschi	AP	429	0.0954	0.0373	0
AP_Renrat	AP	402	0.0892	0.0597	0
AP_Rencal	AP	400	0.1126	0.0725	0
AP_Napamo	AP	419	0.1311	0.1002	0
AP_Sccpepcan	AP	419	0.0744	0.0477	0
AP_Mucorhi	AP	430	0.1374	0.0791	0
AP_Eimpeim	AP	468	0.117	0.1068	0
AP_Plasmep	AP	452	0.1109	0.0686	0
AP_Bs1	AP	149	0.6451	1.0	0
AP_Monkey	AP	84	0.2929	0.0	0
AP_Tntom1	AP	85	0.2182	0.0	0
AP_Gloin	AP	86	0.3503	0.2791	0
AP_Ifg7	AP	84	0.1901	0.0	0
AP_Reina	AP	85	0.2661	0.1529	0
AP_Galadriel	AP	84	0.1383	0.0	0
AP_Gimli	AP	85	0.2107	0.0	0
AP_Legolas	AP	87	0.1683	0.0	0
AP_T32022.14	AP	87	0.3927	0.4368	0
AP_Tma	AP	87	0.2552	0.2529	0
AP_Del	AP	87	0.1486	0.0	0
AP_Peabody	AP	88	0.4428	0.5568	0
AP_Retrosat-2	AP	86	0.4625	0.5116	0
AP_Cereba	AP	89	0.2104	0.0	0
AP_Bagy-1	AP	86	0.4115	0.4767	0
AP_CRM	AP	89	0.3024	0.0	0
AP_Beetle1	AP	89	0.3081	0.1461	0
AP_Tse3	AP	84	0.1608	0.0	0
AP_Dane-1	AP	88	0.2797	0.0	0
AP_Cgret	AP	92	0.5624	1.0	0
AP_Cft-1	AP	88	0.5449	1.0	0
AP_Skippy	AP	92	0.1788	0.0	0
AP_Ty3-1	AP	84	0.1235	0.0	0
AP_Pyret	AP	92	0.2141	0.0	0
AP_marY1	AP	89	0.2455	0.0	0
AP_Maggy	AP	91	0.1707	0.0	0
AP_Real	AP	86	0.1155	0.0	0
AP_MGLR3	AP	92	0.1675	0.0	0
AP_Grasshopper	AP	88	0.2322	0.0	0
AP_Pyggy	AP	87	0.1398	0.0	0
AP_Sushi-ichi	AP	89	0.6039	1.0	0
AP_FLJ38865	AP	90	0.2342	0.0	0
AP_AfRTL-1	AP	91	0.5245	0.5275	0
AP_Skipper	AP	87	0.2101	0.0	0
AP_TF2	AP	83	0.3006	0.0	0
AP_TF1	AP	83	0.2104	0.0	0
AP_RetroSor1	AP	89	0.1919	0.0	0
AP_Cinful-1	AP	89	0.0909	0.0	0
AP_B1147A04.5	AP	88	0.1914	0.0	0
AP_Ogre	AP	85	0.1643	0.0	0
AP_Grande1-4	AP	90	0.1139	0.0	0
AP_Tat4-1	AP	85	0.1395	0.0	0
AP_Tft2	AP	85	0.158	0.0	0
AP_Tft1	AP	84	0.1791	0.0	0
AP_Orizacinful	AP	90	0.1873	0.0	0
AP_RIRE2	AP	90	0.2398	0.0	0
AP_Athila4-1	AP	89	0.1482	0.0	0
AP_Diaspora	AP	92	0.1766	0.0	0
AP_BAB61168.1	AP	89	0.1715	0.0	0
AP_Calypso4-1	AP	89	0.1919	0.0	0
AP_Cyclops-2	AP	88	0.1933	0.0	0
AP_VfCiclops2	AP	89	0.1683	0.0	0
AP_Bagy-2	AP	92	0.1623	0.0	0
AP_Rigy-2	AP	89	0.1438	0.0	0
AP_Calypso5-1	AP	89	0.1961	0.0	0
AP_HIV-1	AP	76	0.1743	0.0	0
AP_KoRV	AP	75	0.3708	0.36	0
AP_PERV-MSL	AP	75	0.287	0.0	0
AP_RCHO-K1	AP	75	0.3288	0.2533	0
AP_HERV-E	AP	76	0.2495	0.1711	0
AP_RTVL-Ia	AP	79	0.2547	0.1899	0
AP_GALV	AP	75	0.3763	0.36	0
AP_MdEV	AP	75	0.2658	0.1867	0
AP_Q88269	AP	78	0.4806	1.0	0
AP_REV	AP	76	0.2567	0.1974	0
AP_FeLV	AP	75	0.3179	0.2533	0
AP_FSV	AP	84	0.2896	0.2857	0
AP_HFV	AP	84	0.1576	0.0	0
AP_SFV-3	AP	84	0.1421	0.0	0
AP_SFV-1	AP	84	0.1347	0.0	0
AP_MuLV	AP	75	0.3058	0.2533	0
AP_BAEVM	AP	75	0.5039	0.4667	0
AP_SMRV-H	AP	81	0.3475	0.0	0
AP_SERV	AP	81	0.3817	0.0	0
AP_JSRV	AP	81	0.3404	0.0	0
AP_MPMV	AP	86	0.2048	0.0	0
AP_MMTV	AP	85	0.5533	1.0	0
AP_SRV-1	AP	86	0.2113	0.0	0
AP_HERV-K10	AP	84	0.1383	0.0	0
AP_SA-OMVV	AP	81	0.1277	0.0	0
AP_CAEV	AP	81	0.1353	0.0	0
AP_FIV	AP	91	0.2325	0.0	0
AP_EIAV	AP	84	0.2198	0.0	0
AP_VMV	AP	81	0.1689	0.0	0
AP_SIVMND	AP	81	0.1578	0.0	0
AP_HIV-2	AP	76	0.1911	0.0	0
AP_SIVAGM	AP	81	0.2157	0.0	0
AP_BIV	AP	79	0.1426	0.0	0
AP_SIVMAC	AP	76	0.1699	0.0	0
AP_RSV	AP	86	0.4297	0.4302	0
AP_LPDV	AP	84	0.4122	0.4286	0
AP_EAV-HP	AP	84	0.5885	0.5595	0
AP_LOC386135	AP	80	0.5296	1.0	0
AP_STcLV2PP1664	AP	88	0.5314	0.4432	0
AP_HTLV-2	AP	88	0.1662	0.0	0
AP_HTLV-1	AP	88	0.2747	0.0	0
AP_RTVL-H3	AP	78	0.7549	1.0	0
AP_WdSV	AP	81	0.1632	0.0	0
AP_MuERV-L	AP	79	0.1995	0.0	0
AP_BLV	AP	88	0.162	0.0	0
AP_NIXMm	AP	240	0.3564	0.4875	0
AP_NIXrn	AP	403	0.5954	0.7097	0
AP_NIX3	AP	241	0.3736	0.5062	0
AP_NIXh	AP	281	0.4715	0.548	0
AP_NIXm	AP	281	0.4715	0.548	0
AP_Cer4	AP	83	0.1244	0.0	0
AP_Cer5	AP	83	0.1529	0.0	0
AP_Mag	AP	85	0.1039	0.0	0
AP_SURL	AP	86	0.1936	0.0	0
AP_Gulliver	AP	83	0.295	0.0	0
AP_Cer6	AP	81	0.1456	0.0	0
AP_Cigr-1	AP	87	0.4343	0.5172	0
AP_Osvaldo	AP	86	0.3126	0.0	0
AP_Woot	AP	91	0.1488	0.0	0
AP_Ulysses	AP	88	0.1259	0.0	0
AP_Circe	AP	96	0.2857	0.0	0
AP_Cer1	AP	94	0.1732	0.0	0
AP_Cer2	AP	94	0.1497	0.0	0
AP_Cer3	AP	94	0.1091	0.0	0
AP_HMS-Beagle	AP	78	0.3048	0.0	0
AP_Yoyo	AP	80	0.1926	0.0	0
AP_Gypsyvir	AP	79	0.2979	0.0	0
AP_Burdock	AP	79	0.2759	0.0	0
AP_Nomad	AP	83	0.2488	0.0	0
AP_Gypsy	AP	79	0.2526	0.0	0
AP_297	AP	80	0.212	0.0	0
AP_17.6	AP	80	0.3833	0.2875	0
AP_Tv1	AP	80	0.133	0.0	0
AP_Ted	AP	87	0.1943	0.0	0
AP_Zam	AP	85	0.3454	0.2706	0
AP_Idefix	AP	80	0.1802	0.0	0
AP_Tom	AP	80	0.3565	0.2	0
AP_Springer	AP	79	0.4425	0.4304	0
AP_412	AP	86	0.2095	0.0	0
AP_Mdg1	AP	86	0.216	0.0	0
AP_Blastopia	AP	87	0.116	0.0	0
AP_Micropia	AP	85	0.2291	0.0	0
AP_Mdg3	AP	85	0.2303	0.0	0
AP_SSO2164	AP	126	0.0816	0.0	0
AP_SSO1523	AP	126	0.1169	0.0	0
AP_SSO1929	AP	129	0.136	0.0	0
AP_SSO1395	AP	114	0.1096	0.0	0
AP_ST0709	AP	105	0.0636	0.0	0
AP_RB8280	AP	129	0.1189	0.0	0
AP_PAE0531	AP	116	0.0658	0.0	0
AP_CsRN1	AP	78	0.2975	0.2179	0
AP_Kabuki	AP	80	0.1409	0.0	0
AP_PAE0993	AP	145	0.0825	0.0	0
AP_AF0612	AP	128	0.0751	0.0	0
AP_all7265	AP	126	0.1067	0.0	0
AP_CC1307	AP	172	0.2747	0.3314	0
AP_ATU1893	AP	235	0.0965	0.0	0
AP_MAGN03006869	AP	122	0.4288	0.5082	0
AP_BLL3736	AP	184	0.148	0.0978	0
AP_MLR0565	AP	235	0.1125	0.0	0
AP_BR0864	AP	234	0.0941	0.0	0
AP_Mdeg0200624	AP	174	0.2586	0.3161	0
AP_PA4965	AP	174	0.1478	0.0	0
AP_Pflu02000192	AP	174	0.1585	0.0	0
AP_MDEG2586	AP	226	0.0807	0.0	0
AP_PSPTO4961	AP	226	0.0807	0.0	0
AP_PA4048	AP	214	0.112	0.0841	0
AP_BLL8127	AP	171	0.3344	0.3216	0
AP_RPAL1816	AP	173	0.2848	0.2486	0
AP_MLL3161	AP	187	0.2272	0.3048	0
AP_ATU0134	AP	178	0.2947	0.3034	0
AP_RC1339	AP	231	0.0708	0.0	0
AP_RP867	AP	231	0.0594	0.0	0
AP_Rsph03003184	AP	191	0.0791	0.0	0
AP_MMC12119	AP	225	0.0823	0.0	0
RNaseH_Micropia	RNaseH	121	0.1359	0.0	0
RNaseH_Blastopia	RNaseH	121	0.2564	0.0	0
RNaseH_Mdg3	RNaseH	122	0.2617	0.2049	0
RNaseH_BLV	RNaseH	125	0.2098	0.0	0
RNaseH_HTLV-1	RNaseH	129	0.2638	0.0	0
RNaseH_HTLV-2	RNaseH	130	0.1669	0.0	0
RNaseH_STcLV2PP1664	RNaseH	130	0.1598	0.0	0
RNaseH_MMTV	RNaseH	125	0.1382	0.0	0
RNaseH_HERV-K10	RNaseH	126	0.184	0.1349	0
RNaseH_MPMV	RNaseH	125	0.0806	0.0	0
RNaseH_SRV-1	RNaseH	126	0.1362	0.0	0
RNaseH_RSV	RNaseH	126	0.2427	0.1349	0
RNaseH_SMRV-H	RNaseH	126	0.1614	0.0	0
RNaseH_SERV	RNaseH	117	0.0767	0.0	0
RNaseH_JSRV	RNaseH	126	0.1442	0.0	0
RNaseH_LPDV	RNaseH	124	0.1946	0.0	0
RNaseH_MuLV	RNaseH	141	0.2833	0.2979	0
RNaseH_BAEVM	RNaseH	141	0.2448	0.1277	0
RNaseH_GALV	RNaseH	141	0.227	0.1418	0
RNaseH_MdEV	RNaseH	141	0.153	0.0	0
RNaseH_REV	RNaseH	141	0.2011	0.1489	0
RNaseH_WdSV	RNaseH	141	0.1868	0.0993	0
RNaseH_KoRV	RNaseH	141	0.1927	0.1277	0
RNaseH_PERV-MSL	RNaseH	141	0.0909	0.0	0
RNaseH_RCHO-K1	RNaseH	141	0.2696	0.2979	0
RNaseH_RTVL-Ia	RNaseH	151	0.1628	0.0	0
RNaseH_HERV-E	RNaseH	139	0.1303	0.0	0
RNaseH_FeLV	RNaseH	141	0.2655	0.1489	0
RNaseH_HFV	RNaseH	153	0.1306	0.0	0
RNaseH_SFV-1	RNaseH	153	0.2043	0.1307	0
RNaseH_MuERV-L	RNaseH	120	0.2409	0.125	0
RNaseH_SIVMND	RNaseH	118	0.118	0.0	0
RNaseH_SIVAGM	RNaseH	118	0.1369	0.0	0
RNaseH_HIV-2	RNaseH	118	0.4003	0.2373	0
RNaseH_HIV-1	RNaseH	118	0.247	0.0	0
RNaseH_SIVMAC	RNaseH	118	0.202	0.1356	0
RNaseH_FIV	RNaseH	115	0.1073	0.0	0
RNaseH_CAEV	RNaseH	117	0.1515	0.0	0
RNaseH_SA-OMVV	RNaseH	117	0.1858	0.1197	0
RNaseH_BIV	RNaseH	115	0.1696	0.0	0
RNaseH_EIAV	RNaseH	118	0.1451	0.0	0
RNaseH_VMV	RNaseH	117	0.1741	0.1197	0
RNaseH_Cer2	RNaseH	124	0.1245	0.0	0
RNaseH_Cer3	RNaseH	124	0.163	0.0	0
RNaseH_Cer1	RNaseH	122	0.1808	0.0	0
RNaseH_Woot	RNaseH	122	0.0983	0.0	0
RNaseH_Ulysses	RNaseH	117	0.1139	0.0	0
RNaseH_Osvaldo	RNaseH	121	0.1775	0.0	0
RNaseH_Circe	RNaseH	120	0.2627	0.25	0
RNaseH_Cigr-1	RNaseH	121	0.1389	0.0	0
RNaseH_RIRE2	RNaseH	127	0.0795	0.0	0
RNaseH_Tft2	RNaseH	121	0.0952	0.0	0
RNaseH_Tat4-1	RNaseH	121	0.1082	0.0	0
RNaseH_RetroSor1	RNaseH	125	0.1421	0.0	0
RNaseH_B1147A04.5	RNaseH	133	0.2991	0.2707	0
RNaseH_Ogre	RNaseH	124	0.1111	0.0	0
RNaseH_Grande1-4	RNaseH	121	0.4	0.3471	0
RNaseH_Cinful-1	RNaseH	125	0.1061	0.0	0
RNaseH_Kabuki	RNaseH	124	0.1897	0.1048	0
RNaseH_CsRN1	RNaseH	122	0.3237	0.2705	0
RNaseH_Athila4-1	RNaseH	120	0.1245	0.0	0
RNaseH_Cyclops-2	RNaseH	120	0.1389	0.0	0
RNaseH_Diaspora	RNaseH	121	0.0856	0.0	0
RNaseH_Calypso5-1	RNaseH	120	0.1242	0.0	0
RNaseH_Bagy-2	RNaseH	121	0.1369	0.0	0
RNaseH_17.6	RNaseH	117	0.1397	0.0	0
RNaseH_297	RNaseH	117	0.1273	0.0	0
RNaseH_412	RNaseH	121	0.214	0.0	0
RNaseH_Zam	RNaseH	121	0.1927	0.0	0
RNaseH_Yoyo	RNaseH	118	0.1715	0.0	0
RNaseH_Tv1	RNaseH	117	0.1834	0.0	0
RNaseH_Tom	RNaseH	117	0.1115	0.0	0
RNaseH_Ted	RNaseH	121	0.2433	0.0	0
RNaseH_Springer	RNaseH	118	0.2029	0.0	0
RNaseH_Nomad	RNaseH	122	0.1312	0.0	0
RNaseH_Mdg1	RNaseH	121	0.2815	0.1983	0
RNaseH_Idefix	RNaseH	117	0.1745	0.0	0
RNaseH_HMS-Beagle	RNaseH	118	0.2122	0.0	0
RNaseH_Burdock	RNaseH	118	0.1537	0.0	0
RNaseH_Gypsy	RNaseH	118	0.2504	0.178	0
RNaseH_Gypsyvir	RNaseH	118	0.2336	0.1441	0
RNaseH_SURL	RNaseH	123	0.1674	0.1057	0
RNaseH_Cer4	RNaseH	127	0.0761	0.0	0
RNaseH_Cer5	RNaseH	127	0.0972	0.0	0
RNaseH_Mag	RNaseH	126	0.1102	0.0	0
RNaseH_Gulliver	RNaseH	125	0.2263	0.0	0
RNaseH_Cer6	RNaseH	126	0.1052	0.0	0
RNaseH_TF2	RNaseH	126	0.1482	0.0	0
RNaseH_TF1	RNaseH	126	0.1482	0.0	0
RNaseH_Cft-1	RNaseH	122	0.2273	0.0	0
RNaseH_Grasshopper	RNaseH	124	0.305	0.2097	0
RNaseH_Ty3-1	RNaseH	123	0.1206	0.0	0
RNaseH_Sushi-ichi	RNaseH	124	0.213	0.0	0
RNaseH_Skipper	RNaseH	124	0.1286	0.0	0
RNaseH_Skippy	RNaseH	124	0.2208	0.1694	0
RNaseH_Real	RNaseH	123	0.2298	0.1382	0
RNaseH_Pyret	RNaseH	124	0.254	0.1855	0
RNaseH_MGLR3	RNaseH	125	0.2022	0.168	0
RNaseH_Pyggy	RNaseH	121	0.2867	0.1901	0
RNaseH_Maggy	RNaseH	124	0.1553	0.0	0
RNaseH_marY1	RNaseH	125	0.3064	0.336	0
RNaseH_Dane-1	RNaseH	124	0.1604	0.0	0
RNaseH_Cgret	RNaseH	124	0.2564	0.1935	0
RNaseH_Tse3	RNaseH	126	0.0952	0.0	0
RNaseH_Galadriel	RNaseH	117	0.2269	0.1197	0
RNaseH_Tntom1	RNaseH	116	0.1588	0.0	0
RNaseH_Cereba	RNaseH	111	0.1023	0.0	0
RNaseH_Beetle1	RNaseH	117	0.0816	0.0	0
RNaseH_CRM	RNaseH	117	0.1107	0.0	0
RNaseH_Bagy-1	RNaseH	115	0.0966	0.0	0
RNaseH_Del	RNaseH	116	0.0673	0.0	0
RNaseH_Tma	RNaseH	117	0.0824	0.0	0
RNaseH_Reina	RNaseH	117	0.1651	0.1282	0
RNaseH_Retrosat-2	RNaseH	117	0.0915	0.0	0
RNaseH_Peabody	RNaseH	117	0.082	0.0	0
RNaseH_Monkey	RNaseH	116	0.1745	0.0	0
RNaseH_Legolas	RNaseH	117	0.0862	0.0	0
RNaseH_Ifg7	RNaseH	116	0.1013	0.0	0
RNaseH_Gloin	RNaseH	117	0.1028	0.0	0
RNaseH_Gimli	RNaseH	117	0.1037	0.0	0
RT_STcLV2PP1664	RT	233	0.1527	0.0	0
RT_HTLV-1	RT	232	0.1214	0.0	0
RT_HTLV-2	RT	233	0.2055	0.2318	0
RT_BLV	RT	233	0.1716	0.0	0
RT_SERV	RT	230	0.0733	0.0	0
RT_SMRV-H	RT	230	0.0766	0.0	0
RT_JSRV	RT	231	0.1018	0.0	0
RT_LPDV	RT	230	0.1071	0.0	0
RT_RSV	RT	229	0.0778	0.0	0
RT_MPMV	RT	230	0.0831	0.0	0
RT_SRV-1	RT	230	0.0829	0.0	0
RT_MMTV	RT	230	0.0984	0.0	0
RT_HERV-K10	RT	230	0.0848	0.0	0
RT_GALV	RT	237	0.1292	0.0	0
RT_RCHO-K1	RT	237	0.0996	0.0	0
RT_KoRV	RT	237	0.1572	0.097	0
RT_PERV-MSL	RT	237	0.1203	0.0928	0
RT_RTVL-Ia	RT	239	0.0934	0.0	0
RT_MdEV	RT	237	0.1155	0.0	0
RT_HERV-E	RT	237	0.108	0.0	0
RT_BAEVM	RT	237	0.1271	0.097	0
RT_REV	RT	237	0.1332	0.0802	0
RT_WdSV	RT	230	0.0887	0.0	0
RT_FeLV	RT	237	0.1298	0.1013	0
RT_MuLV	RT	237	0.1461	0.097	0
RT_SA-OMVV	RT	234	0.0958	0.0	0
RT_CAEV	RT	234	0.0837	0.0	0
RT_FIV	RT	233	0.107	0.0	0
RT_EIAV	RT	233	0.1057	0.0601	0
RT_SIVMND	RT	235	0.0836	0.0	0
RT_HIV-2	RT	234	0.1152	0.0769	0
RT_BIV	RT	231	0.0639	0.0	0
RT_SIVMAC	RT	234	0.1165	0.0769	0
RT_VMV	RT	235	0.0916	0.0	0
RT_HIV-1	RT	234	0.0897	0.0	0
RT_SIVAGM	RT	234	0.0948	0.0	0
RT_SFV-1	RT	223	0.0866	0.0	0
RT_HFV	RT	223	0.1092	0.0762	0
RT_MuERV-L	RT	230	0.1094	0.0739	0
RT_Mag	RT	225	0.0618	0.0	0
RT_SURL	RT	225	0.0649	0.0	0
RT_Cer5	RT	226	0.0771	0.0	0
RT_Cer4	RT	226	0.0951	0.0	0
RT_Gulliver	RT	226	0.0613	0.0	0
RT_Cer6	RT	226	0.1249	0.1726	0
RT_Tse3	RT	226	0.0758	0.0	0
RT_TF2	RT	225	0.0724	0.0	0
RT_TF1	RT	225	0.0755	0.0	0
RT_Pyggy	RT	227	0.084	0.0	0
RT_Maggy	RT	225	0.0868	0.0578	0
RT_Grasshopper	RT	227	0.1008	0.0705	0
RT_Cft-1	RT	226	0.1157	0.0708	0
RT_Ty3-1	RT	223	0.0935	0.0	0
RT_Skipper	RT	223	0.1178	0.0583	0
RT_Skippy	RT	226	0.115	0.0619	0
RT_Sushi-ichi	RT	225	0.1122	0.0	0
RT_marY1	RT	226	0.1426	0.0929	0
RT_Pyret	RT	222	0.0724	0.0	0
RT_Cgret	RT	225	0.1075	0.0711	0
RT_Dane-1	RT	225	0.1076	0.0844	0
RT_Real	RT	227	0.0783	0.0	0
RT_MGLR3	RT	225	0.0833	0.0	0
RT_Galadriel	RT	225	0.0892	0.0	0
RT_Tntom1	RT	225	0.087	0.0	0
RT_Cereba	RT	224	0.0884	0.0	0
RT_CRM	RT	225	0.0607	0.0	0
RT_Beetle1	RT	225	0.0995	0.0	0
RT_Del	RT	222	0.116	0.0631	0
RT_Tma	RT	224	0.0883	0.0	0
RT_Reina	RT	225	0.0895	0.0578	0
RT_Gimli	RT	225	0.104	0.0622	0
RT_Gloin	RT	222	0.0897	0.0	0
RT_Legolas	RT	225	0.1214	0.0	0
RT_Monkey	RT	225	0.1066	0.0711	0
RT_Ifg7	RT	224	0.0902	0.0	0
RT_Peabody	RT	225	0.0752	0.0	0
RT_CsRN1	RT	224	0.1912	0.1518	0
RT_Kabuki	RT	224	0.1112	0.0	0
RT_Retrosat-2	RT	225	0.1102	0.0	0
RT_Athila4-1	RT	244	0.0818	0.0	0
RT_Cyclops-2	RT	242	0.096	0.0	0
RT_Diaspora	RT	243	0.0765	0.0	0
RT_Calypso5-1	RT	241	0.0803	0.0	0
RT_Bagy-2	RT	243	0.0663	0.0	0
RT_Ogre	RT	226	0.0825	0.0	0
RT_Bagy-1	RT	217	0.1052	0.0645	0
RT_RIRE2	RT	226	0.0607	0.0	0
RT_RetroSor1	RT	226	0.0694	0.0	0
RT_Cinful-1	RT	226	0.0869	0.0	0
RT_Grande1-4	RT	227	0.0709	0.0	0
RT_Tat4-1	RT	226	0.058	0.0	0
RT_Tft2	RT	226	0.0546	0.0	0
RT_B1147A04.5	RT	212	0.1936	0.0	0
RT_Circe	RT	195	0.5111	0.5538	0
RT_Cer1	RT	225	0.1458	0.0578	0
RT_Woot	RT	225	0.113	0.0933	0
RT_Ulysses	RT	225	0.1423	0.0578	0
RT_Osvaldo	RT	227	0.1424	0.1101	0
RT_Cigr-1	RT	226	0.0815	0.0	0
RT_Zam	RT	230	0.1031	0.0	0
RT_Tv1	RT	228	0.0754	0.0	0
RT_412	RT	231	0.1575	0.1299	0
RT_297	RT	230	0.1123	0.0739	0
RT_Gypsy	RT	231	0.1154	0.0563	0
RT_Gypsyvir	RT	231	0.1441	0.1169	0
RT_Yoyo	RT	230	0.0835	0.0	0
RT_Tom	RT	230	0.1091	0.0783	0
RT_Ted	RT	230	0.092	0.0	0
RT_17.6	RT	230	0.1123	0.0565	0
RT_Burdock	RT	231	0.1309	0.1255	0
RT_HMS-Beagle	RT	230	0.1081	0.0565	0
RT_Nomad	RT	230	0.0991	0.0	0
RT_Springer	RT	231	0.1095	0.0	0
RT_Mdg1	RT	231	0.1214	0.0	0
RT_Idefix	RT	230	0.131	0.0	0
RT_Micropia	RT	214	0.1437	0.0935	0
RT_Blastopia	RT	226	0.1007	0.0	0
RT_Mdg3	RT	226	0.0877	0.0	0
RT_Cer2	RT	223	0.127	0.0	0
RT_Cer3	RT	223	0.0904	0.0	0
ORFC_WDSV	ORFC	120	0.1909	0.0	0
ORFA_WDSV	ORFA	297	0.1136	0.0842	0
ORFB_WDSV	ORFB	306	0.1753	0.1961	0
3'SORF_SRV-1	3'SORF	176	0.4856	0.6989	0
5'SORF_SRV-1	5'SORF	164	0.7439	1.0	0
SORF1_MPMV	SORF1	161	0.387	0.1118	0
SORF2_MPMV	SORF2	91	0.7203	1.0	0
SORF3_MPMV	SORF3	122	0.5099	0.7131	0
ORF1_LPDV	ORF1	59	0.8231	1.0	0
ORF2_LPDV	ORF2	64	0.4228	0.2969	0
ORF3_LPDV	ORF3	72	0.6314	1.0	0
ORF4_LPDV	ORF4	51	0.5976	1.0	0
SRC_RSV	SRC	526	0.1728	0.1388	0
dUTPase_HIV-1	dUTPase	164	0.1186	0.0	0
SAG_MMTV	SAG	320	0.2856	0.3469	0
ORFX_MPMV	ORFX	94	0.2654	0.0	0
ORFX_MMTV	ORFX	95	0.3055	0.1895	0
ORFX_HERV-K10	ORFX	91	0.2233	0.0	0
ORFX_JSRV	ORFX	107	0.1553	0.0	0
ORFX_SERV	ORFX	88	0.2097	0.0	0
ORFX_SRV-1	ORFX	92	0.4446	0.3043	0
ORFX_SMRV-H	ORFX	96	0.3008	0.0	0
dUTPase_JSRV	dUTPase	128	0.1433	0.0	0
dUTPase_MMTV	dUTPase	128	0.1728	0.0	0
dUTPase_VMV	dUTPase	130	0.1264	0.0	0
dUTPase_CAEV	dUTPase	130	0.1596	0.0	0
dUTPase_EIAV	dUTPase	131	0.1506	0.0	0
dUTPase_SERV	dUTPase	127	0.2741	0.1417	0
dUTPase_MPMV	dUTPase	127	0.1881	0.0	0
dUTPase_SMRV-H	dUTPase	148	0.137	0.0	0
dUTPase_HERV-K10	dUTPase	136	0.0967	0.0	0
dUTPase_FIV	dUTPase	133	0.2085	0.2256	0
dUTPase_SA-OMVV	dUTPase	130	0.1344	0.0	0
dUTPase_SRV-1	dUTPase	127	0.207	0.126	0
dUTPase_MuERV-L	dUTPase	90	0.1098	0.0	0
ROF_ORFI__HTLV-1	ROF	83	0.5469	0.5542	0
ROF_ORFI__HTLV-2	ROF	83	0.4622	0.3133	0
REX_STcLV2PP1664	REX	170	0.8394	1.0	0
ROF_ORFI__STcLV2PP1664	ROF	60	0.5208	1.0	0
ORFV_STcLV2PP1664	ORFV	48	0.764	1.0	0
TOF_ORFII__STcLV2PP1664	TOF	113	0.8812	1.0	0
TOF_ORFII__HTLV-2	TOF	122	0.7865	1.0	0
TOF_ORFII__HTLV-1	TOF	111	0.8829	1.0	0
REX_HTLV-1	REX	372	0.2666	0.2151	0
TAX_HTLV-1	TAX	353	0.2512	0.17	0
REX_HTLV-2	REX	168	0.7906	1.0	0
TAX_HTLV-2	TAX	356	0.3552	0.2781	0
REX_BLV	REX	156	0.8088	1.0	0
TAX_BLV	TAX	309	0.1251	0.0	0
TMX_BIV	TMX	135	0.4657	0.4667	0
TAT_BIV	TAT	103	0.8173	1.0	0
REV_BIV	REV	179	0.5555	0.7765	0
VIF_BIV	VIF	198	0.3448	0.2626	0
VPW_BIV	VPW	54	0.5525	1.0	0
VPY_BIV	VPY	80	0.2241	0.0	0
TAT_EIAV	TAT	78	0.4838	0.4615	0
ORFS_EIAV	ORFS	65	0.6742	1.0	0
REV_EIAV	REV	165	0.474	0.6848	0
REV_SA-OMVV	REV	144	0.691	1.0	0
TAT_SA-OMVV	TAT	94	0.2934	0.1596	0
ORFW_SA-OMVV	ORFW	86	0.5758	1.0	0
ORFQ_SA-OMVV	ORFQ	228	0.1027	0.0	0
ORFW_VMV	ORFW	81	0.7345	1.0	0
ORFQ_SOR__VMV	ORFQ	233	0.1341	0.0773	0
REV_VMV	REV	167	0.5621	1.0	0
TAT_VMV	TAT	94	0.2552	0.0	0
ORFW_CAEV	ORFW	90	0.5703	1.0	0
ORFQ_CAEV	ORFQ	230	0.2009	0.0826	0
TAT_CAEV	TAT	87	0.3012	0.1494	0
REV_CAEV	REV	129	0.8218	1.0	0
VIF_SIVMAC	VIF	214	0.234	0.1776	0
VPX_SIVMAC	VPX	112	0.3169	0.3214	0
VPR_SIVMAC	VPR	101	0.3731	0.3861	0
TAT_SIVMAC	TAT	130	0.5356	0.6154	0
REV_SIVMAC	REV	107	0.4264	0.5701	0
NEF_SIVMAC	NEF	262	0.3692	0.374	0
VIF_HIV-2	VIF	215	0.2663	0.2651	0
VPX_HIV-2	VPX	112	0.303	0.3214	0
VPR_HIV-2	VPR	105	0.3627	0.3905	0
TAT_HIV-2	TAT	130	0.539	0.5769	0
REV_HIV-2	REV	100	0.416	0.54	0
NEF_HIV-2	NEF	256	0.4082	0.3984	0
NEF_SIVAGM	NEF	222	0.3074	0.3514	0
REV_SIVAGM	REV	102	0.4155	0.4902	0
TAT_SIVAGM	TAT	101	0.5355	0.5842	0
NEF_HIV-1	NEF	206	0.3952	0.335	0
VPU_HIV-1	VPU	81	0.3436	0.3951	0
REV_HIV-1	REV	123	0.6668	1.0	0
TAT_HIV-1	TAT	101	0.5561	0.6238	0
VPR_HIV-1	VPR	94	0.3194	0.2979	0
VIF_HIV-1	VIF	190	0.2133	0.1579	0
BEL1_HFV	BEL1	300	0.5639	0.57	0
BEL1_SFV-1	BEL1	308	0.4676	0.3734	0
BEL2_SFV-1	BEL2	403	0.1668	0.072	0
BEL2_HFV	BEL2	257	0.1609	0.0	0
VIF_FIV	VIF	251	0.0753	0.0	0
REV_FIV	REV	152	0.4081	0.5329	0
ORFA_FIV	ORFA	77	0.3568	0.3766	0
INT_412	INT	337	0.132	0.0	0
INT_Mdg1	INT	337	0.1576	0.0475	0
INT_TnGIN	INT	293	0.3652	0.4676	0
INT_Galadriel	INT	347	0.1168	0.0	0
INT_Del	INT	341	0.0901	0.0	0
INT_Peabody	INT	345	0.109	0.0	0
INT_Bagy-1	INT	343	0.1101	0.0	0
INT_Retrosat-2	INT	345	0.0817	0.0	0
INT_Gimli	INT	344	0.1371	0.0436	0
INT_Gloin	INT	339	0.0974	0.0	0
INT_Ifg7	INT	340	0.1038	0.0	0
INT_Reina	INT	343	0.0989	0.0	0
INT_Cereba	INT	275	0.1269	0.0	0
INT_Monkey	INT	340	0.118	0.05	0
INT_Tntom1	INT	340	0.1342	0.0	0
INT_Beetle1	INT	345	0.1575	0.0	0
INT_CRM	INT	344	0.0942	0.0	0
INT_Tma	INT	343	0.0873	0.0	0
INT_Legolas	INT	346	0.0778	0.0	0
INT_TF2	INT	341	0.1511	0.0	0
INT_TF1	INT	341	0.1507	0.0	0
INT_MGLR3	INT	350	0.139	0.0429	0
INT_Real	INT	341	0.2434	0.1056	0
INT_Pyggy	INT	223	0.14	0.0807	0
INT_Grasshopper	INT	344	0.2215	0.1163	0
INT_Maggy	INT	344	0.1862	0.0465	0
INT_Cgret	INT	346	0.1275	0.0	0
INT_Dane-1	INT	340	0.13	0.0	0
INT_Pyret	INT	344	0.1778	0.0378	0
INT_Sushi-ichi	INT	343	0.2427	0.1254	0
INT_Cft-1	INT	346	0.1923	0.0	0
INT_Skippy	INT	347	0.1034	0.0	0
INT_marY1	INT	342	0.2519	0.0965	0
INT_Skipper	INT	341	0.1024	0.0	0
INT_Ty3-1	INT	342	0.1248	0.0	0
INT_Tse3	INT	352	0.0881	0.0	0
INT_Kabuki	INT	339	0.1174	0.0	0
INT_CsRN1	INT	338	0.3435	0.3994	0
INT_SA-OMVV	INT	264	0.1184	0.0	0
INT_CAEV	INT	264	0.1272	0.0	0
INT_FIV	INT	260	0.0709	0.0	0
INT_BIV	INT	259	0.1093	0.0	0
INT_EIAV	INT	259	0.1184	0.0	0
INT_HIV-2	INT	260	0.0785	0.0	0
INT_HIV-1	INT	260	0.0797	0.0	0
INT_VMV	INT	264	0.0931	0.0	0
INT_SIVMAC	INT	260	0.067	0.0	0
INT_SIVAGM	INT	260	0.0823	0.0	0
INT_SIVMND	INT	260	0.0877	0.0	0
INT_MuERV-L	INT	244	0.1533	0.0861	0
INT_STcLV2PP1664	INT	271	0.157	0.0738	0
INT_HTLV-2	INT	271	0.152	0.0517	0
INT_HTLV-1	INT	272	0.1987	0.0846	0
INT_BLV	INT	272	0.1222	0.0	0
INT_HFV	INT	331	0.2632	0.2659	0
INT_SFV-1	INT	332	0.3334	0.4066	0
INT_LPDV	INT	256	0.0691	0.0	0
INT_RSV	INT	263	0.1536	0.0	0
INT_MPMV	INT	262	0.0831	0.0	0
INT_HERV-K10	INT	265	0.1432	0.0	0
INT_MMTV	INT	259	0.0737	0.0	0
INT_SERV	INT	262	0.0679	0.0	0
INT_SRV-1	INT	262	0.0809	0.0	0
INT_JSRV	INT	261	0.1337	0.0	0
INT_Diaspora	INT	348	0.0999	0.0	0
INT_Cinful-1	INT	346	0.1061	0.0	0
INT_Grande1-4	INT	277	0.1848	0.1227	0
INT_Tat4-1	INT	343	0.1464	0.0437	0
INT_Tft2	INT	326	0.2142	0.1196	0
INT_RetroSor1	INT	343	0.156	0.0	0
INT_RIRE2	INT	346	0.089	0.0	0
INT_B1147A04.5	INT	348	0.1045	0.0	0
INT_Athila4-1	INT	332	0.0679	0.0	0
INT_Cyclops-2	INT	338	0.1176	0.0	0
INT_Calypso5-1	INT	353	0.1036	0.0397	0
INT_Bagy-2	INT	347	0.0946	0.0	0
INT_Ogre	INT	351	0.1099	0.0	0
INT_Mag	INT	365	0.2835	0.1562	0
INT_Cer6	INT	363	0.1599	0.0	0
INT_Cer5	INT	354	0.2085	0.0932	0
INT_Cer4	INT	347	0.1082	0.0	0
INT_SURL	INT	349	0.4466	0.4212	0
INT_Gulliver	INT	351	0.2206	0.1681	0
INT_Osvaldo	INT	355	0.391	0.3662	0
INT_Circe	INT	277	0.1416	0.0	0
INT_Ulysses	INT	359	0.2757	0.2674	0
INT_Woot	INT	332	0.1245	0.0	0
INT_Mdg3	INT	334	0.0841	0.0	0
INT_Blastopia	INT	336	0.1736	0.1071	0
INT_Cer1	INT	347	0.079	0.0	0
INT_Cer3	INT	345	0.1209	0.0	0
INT_Cer2	INT	348	0.1351	0.0	0
INT_Burdock	INT	290	0.1402	0.0	0
INT_Yoyo	INT	300	0.2072	0.1	0
INT_Gypsy	INT	290	0.1158	0.0	0
INT_Gypsyvir	INT	290	0.1362	0.0	0
INT_HMS-Beagle	INT	300	0.14	0.0	0
INT_Springer	INT	290	0.1684	0.0	0
INT_Nomad	INT	301	0.2763	0.2027	0
INT_17.6	INT	299	0.3839	0.4013	0
INT_297	INT	299	0.2509	0.2074	0
INT_Zam	INT	309	0.2829	0.165	0
INT_Tom	INT	299	0.2839	0.2274	0
INT_Tv1	INT	295	0.3054	0.2373	0
INT_Idefix	INT	298	0.206	0.1779	0
INT_Ted	INT	305	0.12	0.0	0
INT_Cigr-1	INT	342	0.3976	0.2515	0
INT_SMRV-H	INT	262	0.0762	0.0	0
INT_FeLV	INT	325	0.0862	0.0	0
INT_RCHO-K1	INT	325	0.1862	0.1385	0
INT_GALV	INT	321	0.0781	0.0	0
INT_BAEVM	INT	320	0.1131	0.0	0
INT_WdSV	INT	311	0.1451	0.0	0
INT_MuLV	INT	325	0.0787	0.0	0
INT_REV	INT	323	0.1152	0.0	0
INT_HERV-E	INT	315	0.1073	0.0	0
INT_RTVL-Ia	INT	282	0.1662	0.0	0
INT_MdEV	INT	323	0.0838	0.0	0
INT_PERV-MSL	INT	322	0.0849	0.0	0
INT_KoRV	INT	321	0.071	0.0	0
AP_31196163	AP	136	0.2437	0.0	0
AP_31232486	AP	135	0.0958	0.0	0
AP_31232862	AP	132	0.121	0.0	0
AP_31230427	AP	138	0.5877	1.0	0
AP_31229813	AP	98	0.2311	0.0	0
AP_Tram	AP	135	0.185	0.0	0
AP_4481821	AP	131	0.2327	0.0	0
AP_Cer12	AP	144	0.2624	0.0	0
AP_Cer11	AP	141	0.2607	0.0	0
AP_Cer8	AP	144	0.2277	0.0	0
AP_Cer9	AP	136	0.3979	0.4779	0
AP_Tnp2	AP	100	0.1519	0.0	0
AP_BARE-1	AP	92	0.5838	1.0	0
AP_Ta1-3	AP	101	0.3705	0.1386	0
AP_Evelknievel	AP	101	0.5143	0.505	0
AP_Melmothbrass	AP	97	0.2302	0.0	0
AP_RIRE1	AP	101	0.2416	0.0	0
AP_Ty5	AP	97	0.5769	0.6392	0
AP_Lusen	AP	102	0.1805	0.0	0
AP_DMV	AP	96	0.087	0.0	0
AP_BSV	AP	97	0.1557	0.0	0
AP_SBV	AP	101	0.118	0.0	0
RT_CopiaSL_03	RT	247	0.0729	0.0	0
RT_CopiaSL_05	RT	245	0.0494	0.0	0
RT_CopiaSL_12	RT	251	0.0739	0.0	0
RT_CopiaSL_13	RT	239	0.0462	0.0	0
RT_CopiaSL_14	RT	239	0.0505	0.0	0
RT_CopiaSL_15	RT	189	0.0745	0.0	0
RT_CopiaSL_16	RT	242	0.0537	0.0	0
RT_CopiaSL_17	RT	243	0.0635	0.0	0
RT_CopiaSL_18	RT	241	0.0538	0.0	0
RT_CopiaSL_19	RT	151	0.102	0.0	0
RT_CopiaSL_20	RT	246	0.0703	0.0	0
RT_CopiaSL_22	RT	244	0.0586	0.0	0
RT_CopiaSL_23	RT	248	0.0603	0.0	0
RT_CopiaSL_24	RT	203	0.0478	0.0	0
RT_CopiaSL_25	RT	248	0.058	0.0	0
RT_CopiaSL_38	RT	205	0.0792	0.0	0
RT_CopiaSL_26	RT	197	0.0971	0.0	0
RT_CopiaSL_27	RT	81	0.0746	0.0	0
RT_CopiaSL_29	RT	245	0.0807	0.0	0
RT_CopiaSL_30	RT	246	0.0944	0.0	0
RT_CopiaSL_32	RT	248	0.0874	0.0	0
RT_CopiaSL_33	RT	249	0.0722	0.0	0
RT_CopiaSL_34	RT	137	0.0876	0.0	0
RT_CopiaSL_35	RT	251	0.063	0.0	0
RT_CopiaSL_37	RT	251	0.0817	0.0	0
RT_CopiaSL_monotypic|Chr01_1s076	RT	245	0.0574	0.0	0
RT_CopiaSL_monotypic|Chr01_1s215	RT	249	0.0475	0.0	0
RT_CopiaSL_monotypic|Chr02_1s25	RT	196	0.1421	0.1071	0
RT_CopiaSL_monotypic|Chr02_2s24	RT	54	0.2015	0.0	0
RT_CopiaSL_monotypic|Chr03_2s19	RT	248	0.055	0.0	0
RT_CopiaSL_monotypic|Chr03_2s27	RT	121	0.0608	0.0	0
RT_CopiaSL_monotypic|Chr03_2s28	RT	187	0.0581	0.0	0
RT_CopiaSL_monotypic|Chr04_2s28	RT	247	0.0437	0.0	0
RT_CopiaSL_monotypic|Chr04_2s41	RT	242	0.046	0.0	0
RT_CopiaSL_monotypic|Chr04_2s44	RT	245	0.079	0.0	0
RT_CopiaSL_monotypic|Chr04_2s50	RT	69	0.1597	0.0	0
RT_CopiaSL_monotypic|Chr04_2s65	RT	120	0.0859	0.0	0
RT_CopiaSL_monotypic|Chr06_2s27	RT	217	0.0595	0.0	0
RT_CopiaSL_monotypic|Chr07_1s01	RT	174	0.076	0.0	0
RT_CopiaSL_monotypic|Chr08_1s11	RT	189	0.1102	0.0	0
RT_CopiaSL_monotypic|Chr08_2s16	RT	135	0.0641	0.0	0
RT_CopiaSL_monotypic|Chr08_2s43	RT	242	0.0642	0.0	0
RT_CopiaSL_monotypic|Chr08_2s69	RT	242	0.0454	0.0	0
RT_CopiaSL_monotypic|Chr08_2s97	RT	242	0.0626	0.0	0
RT_CopiaSL_monotypic|Chr10_1s50	RT	200	0.0697	0.0	0
RT_CopiaSL_monotypic|Chr11_2s25	RT	246	0.0405	0.0	0
RT_CopiaSL_monotypic|Chr11_2s38	RT	208	0.1335	0.1154	0
RT_CopiaSL_monotypic|Chr11_2s39	RT	141	0.1452	0.0	0
RT_CopiaSL_monotypic|Chr12_1s59	RT	246	0.0649	0.0	0
RT_CopiaSL_monotypic|Chr12_2s29	RT	224	0.0827	0.0	0
RT_GypsySL_01	RT	224	0.095	0.0	0
RT_GypsySL_02	RT	220	0.0882	0.0	0
RT_GypsySL_03	RT	222	0.0872	0.0	0
RT_GypsySL_04	RT	243	0.0818	0.0	0
RT_GypsySL_05	RT	222	0.118	0.0	0
RT_GypsySL_06	RT	225	0.0629	0.0	0
RT_GypsySL_07	RT	221	0.0918	0.0	0
RT_GypsySL_08	RT	222	0.0774	0.0	0
RT_GypsySL_09	RT	223	0.1538	0.0628	0
RT_GypsySL_11	RT	218	0.0903	0.0	0
RT_GypsySL_12	RT	223	0.0605	0.0	0
RT_GypsySL_monotypic|Chr02_1s41	RT	133	0.1094	0.0	0
RT_GypsySL_monotypic|Chr03_1s10	RT	212	0.088	0.0	0
RT_GypsySL_monotypic|Chr03_1s33	RT	119	0.1306	0.0	0
RT_GypsySL_monotypic|Chr04_2s29	RT	220	0.1258	0.0	0
RT_GypsySL_monotypic|Chr07_1s69	RT	123	0.1215	0.0	0
RT_GypsySL_monotypic|Chr08_2s54	RT	225	0.0744	0.0	0
AP_CopiaSL_01	AP	166	0.2834	0.0904	0
AP_CopiaSL_04	AP	138	0.3139	0.2319	0
AP_CopiaSL_07	AP	156	0.3251	0.2244	0
AP_CopiaSL_08	AP	85	0.2617	0.0	0
AP_CopiaSL_09	AP	172	0.1293	0.0	0
AP_CopiaSL_10	AP	85	0.4985	1.0	0
AP_CopiaSL_11	AP	155	0.3251	0.2774	0
AP_CopiaSL_12	AP	142	0.0892	0.0	0
AP_CopiaSL_13	AP	74	0.437	0.0	0
AP_CopiaSL_14	AP	129	0.1962	0.0	0
AP_CopiaSL_15	AP	131	0.3153	0.0	0
AP_CopiaSL_16	AP	129	0.2736	0.1783	0
AP_CopiaSL_17	AP	86	0.0965	0.0	0
AP_CopiaSL_18	AP	129	0.2521	0.0	0
AP_CopiaSL_19	AP	130	0.1652	0.0	0
AP_CopiaSL_20	AP	136	0.2553	0.0	0
AP_CopiaSL_21	AP	75	0.1646	0.0	0
AP_CopiaSL_22	AP	115	0.1017	0.0	0
AP_CopiaSL_23	AP	122	0.1135	0.0	0
AP_CopiaSL_25	AP	81	0.1637	0.0	0
AP_CopiaSL_38	AP	116	0.1106	0.0	0
AP_CopiaSL_26	AP	116	0.1672	0.1207	0
AP_CopiaSL_27	AP	118	0.0973	0.0	0
AP_CopiaSL_29	AP	120	0.0672	0.0	0
AP_CopiaSL_30	AP	160	0.069	0.0	0
AP_CopiaSL_31	AP	164	0.1008	0.0	0
AP_CopiaSL_32	AP	105	0.0985	0.0	0
AP_CopiaSL_33	AP	149	0.1948	0.0	0
AP_CopiaSL_34	AP	148	0.1881	0.0946	0
AP_CopiaSL_35	AP	168	0.0732	0.0	0
AP_CopiaSL_36	AP	115	0.0883	0.0	0
AP_CopiaSL_37	AP	116	0.1062	0.0	0
AP_CopiaSL_monotypic|Chr01_1s076	AP	92	0.2152	0.0	0
AP_CopiaSL_monotypic|Chr01_1s215	AP	110	0.2868	0.1545	0
AP_CopiaSL_monotypic|Chr01_1s357	AP	72	0.6824	1.0	0
AP_CopiaSL_monotypic|Chr01_1s365	AP	166	0.235	0.2048	0
AP_CopiaSL_monotypic|Chr02_1s25	AP	101	0.1763	0.0	0
AP_CopiaSL_monotypic|Chr02_2s24	AP	125	0.1403	0.0	0
AP_CopiaSL_monotypic|Chr03_2s19	AP	156	0.1957	0.1538	0
AP_CopiaSL_monotypic|Chr03_2s27	AP	150	0.2028	0.1667	0
AP_CopiaSL_monotypic|Chr03_2s28	AP	156	0.2768	0.2564	0
AP_CopiaSL_monotypic|Chr03_2s30	AP	144	0.1093	0.0	0
AP_CopiaSL_monotypic|Chr04_2s41	AP	92	0.2201	0.0	0
AP_CopiaSL_monotypic|Chr04_2s50	AP	69	0.8254	1.0	0
AP_CopiaSL_monotypic|Chr04_2s65	AP	90	0.3736	0.2	0
AP_CopiaSL_monotypic|Chr05_2s14	AP	114	0.1606	0.0	0
AP_CopiaSL_monotypic|Chr06_2s27	AP	73	0.5757	1.0	0
AP_CopiaSL_monotypic|Chr07_1s01	AP	55	0.7986	1.0	0
AP_CopiaSL_monotypic|Chr07_2s50	AP	91	0.1921	0.0	0
AP_CopiaSL_monotypic|Chr08_1s11	AP	101	0.3891	0.3663	0
AP_CopiaSL_monotypic|Chr08_2s16	AP	71	0.1355	0.0	0
AP_CopiaSL_monotypic|Chr08_2s63	AP	125	0.2549	0.104	0
AP_CopiaSL_monotypic|Chr08_2s69	AP	155	0.3065	0.3613	0
AP_CopiaSL_monotypic|Chr09_1s65	AP	131	0.2158	0.0	0
AP_CopiaSL_monotypic|Chr10_2s56	AP	160	0.2909	0.25	0
AP_CopiaSL_monotypic|Chr10_2s65	AP	159	0.2176	0.0	0
AP_CopiaSL_monotypic|Chr11_1s37	AP	165	0.3399	0.3152	0
AP_CopiaSL_monotypic|Chr11_2s25	AP	154	0.2796	0.0	0
AP_CopiaSL_monotypic|Chr11_2s29	AP	110	0.2619	0.0	0
AP_CopiaSL_monotypic|Chr11_2s38	AP	115	0.1709	0.0	0
AP_CopiaSL_monotypic|Chr11_2s39	AP	101	0.1368	0.0	0
AP_CopiaSL_monotypic|Chr12_1s32	AP	149	0.0887	0.0	0
AP_CopiaSL_monotypic|Chr12_1s59	AP	134	0.1532	0.0	0
AP_CopiaSL_monotypic|Chr12_2s29	AP	109	0.1731	0.0	0
AP_GypsySL_01	AP	86	0.1649	0.0	0
AP_GypsySL_02	AP	86	0.1649	0.0	0
AP_GypsySL_03	AP	86	0.1139	0.0	0
AP_GypsySL_04	AP	88	0.1137	0.0	0
AP_GypsySL_05	AP	87	0.1371	0.0	0
AP_GypsySL_06	AP	85	0.1266	0.0	0
AP_GypsySL_07	AP	66	0.1944	0.0	0
AP_GypsySL_08	AP	77	0.4379	0.1818	0
AP_GypsySL_09	AP	58	0.1464	0.0	0
AP_GypsySL_10	AP	84	0.1557	0.0	0
AP_GypsySL_11	AP	77	0.3689	0.1818	0
AP_GypsySL_12	AP	80	0.1524	0.0	0
AP_GypsySL_monotypic|Chr02_1s41	AP	70	0.3366	0.0	0
AP_GypsySL_monotypic|Chr03_1s10	AP	75	0.3439	0.0	0
AP_GypsySL_monotypic|Chr03_1s33	AP	81	0.4797	0.4938	0
AP_GypsySL_monotypic|Chr04_2s29	AP	44	0.474	1.0	0
AP_GypsySL_monotypic|Chr07_1s69	AP	58	0.5926	1.0	0
AP_GypsySL_monotypic|Chr08_2s54	AP	85	0.1438	0.0	0
AP_GypsySL_monotypic|Chr12_1s55	AP	82	0.2701	0.0	0
GAG_CopiaSL_04	GAG	135	0.1279	0.0	0
GAG_CopiaSL_06	GAG	164	0.0979	0.0	0
GAG_CopiaSL_09	GAG	277	0.0918	0.0	0
GAG_CopiaSL_10	GAG	270	0.144	0.0704	0
GAG_CopiaSL_12	GAG	260	0.1892	0.1731	0
GAG_CopiaSL_13	GAG	296	0.2688	0.3277	0
GAG_CopiaSL_21	GAG	213	0.1333	0.0845	0
GAG_CopiaSL_22	GAG	217	0.1349	0.0691	0
GAG_CopiaSL_38	GAG	124	0.0724	0.0	0
GAG_CopiaSL_27	GAG	131	0.1537	0.0	0
GAG_CopiaSL_28	GAG	214	0.2856	0.2944	0
GAG_CopiaSL_29	GAG	122	0.6949	1.0	0
GAG_CopiaSL_30	GAG	238	0.3362	0.2395	0
GAG_CopiaSL_32	GAG	219	0.3419	0.3242	0
GAG_CopiaSL_34	GAG	202	0.2438	0.2178	0
GAG_CopiaSL_36	GAG	248	0.2103	0.2581	0
GAG_CopiaSL_monotypic|Chr01_1s215	GAG	120	0.1951	0.0	0
GAG_CopiaSL_monotypic|Chr01_1s365	GAG	113	0.1509	0.0	0
GAG_CopiaSL_monotypic|Chr01_3s35	GAG	306	0.3133	0.3039	0
GAG_CopiaSL_monotypic|Chr02_1s25	GAG	116	0.1706	0.0	0
GAG_CopiaSL_monotypic|Chr02_2s24	GAG	187	0.3211	0.3476	0
GAG_CopiaSL_monotypic|Chr03_2s19	GAG	36	0.393	1.0	0
GAG_CopiaSL_monotypic|Chr03_2s27	GAG	210	0.1244	0.0	0
GAG_CopiaSL_monotypic|Chr04_2s44	GAG	197	0.1032	0.0812	0
GAG_CopiaSL_monotypic|Chr04_2s50	GAG	26	0.7903	1.0	0
GAG_CopiaSL_monotypic|Chr05_2s14	GAG	290	0.2727	0.2655	0
GAG_CopiaSL_monotypic|Chr07_1s01	GAG	185	0.1101	0.0	0
GAG_CopiaSL_monotypic|Chr07_2s50	GAG	141	0.1626	0.0	0
GAG_CopiaSL_monotypic|Chr08_1s11	GAG	181	0.0996	0.0	0
GAG_CopiaSL_monotypic|Chr08_2s16	GAG	25	0.7485	1.0	0
GAG_CopiaSL_monotypic|Chr08_2s43	GAG	194	0.2455	0.1134	0
GAG_CopiaSL_monotypic|Chr08_2s63	GAG	31	0.8366	1.0	0
GAG_CopiaSL_monotypic|Chr08_2s69	GAG	237	0.1617	0.0844	0
GAG_CopiaSL_monotypic|Chr10_2s65	GAG	291	0.1238	0.0	0
GAG_CopiaSL_monotypic|Chr11_2s25	GAG	284	0.1261	0.0	0
GAG_CopiaSL_monotypic|Chr11_2s29	GAG	183	0.1234	0.0	0
GAG_CopiaSL_monotypic|Chr11_2s38	GAG	83	0.1637	0.0	0
GAG_CopiaSL_monotypic|Chr11_2s39	GAG	116	0.1877	0.0	0
GAG_CopiaSL_monotypic|Chr12_1s59	GAG	260	0.149	0.1692	0
GAG_CopiaSL_monotypic|Chr12_2s11	GAG	173	0.1428	0.0867	0
GAG_CopiaSL_monotypic|Chr12_2s29	GAG	61	0.2156	0.0	0
GAG_GypsySL_01	GAG	106	0.1619	0.0	0
GAG_GypsySL_02	GAG	106	0.1619	0.0	0
GAG_GypsySL_03	GAG	244	0.3447	0.2746	0
GAG_GypsySL_04	GAG	298	0.3191	0.3087	0
GAG_GypsySL_05	GAG	121	0.1366	0.124	0
GAG_GypsySL_06	GAG	273	0.3181	0.3077	0
GAG_GypsySL_09	GAG	155	0.178	0.1613	0
GAG_GypsySL_12	GAG	326	0.3609	0.3006	0
GAG_GypsySL_monotypic|Chr02_1s41	GAG	283	0.3239	0.2792	0
GAG_GypsySL_monotypic|Chr03_1s10	GAG	233	0.2715	0.3004	0
GAG_GypsySL_monotypic|Chr03_1s33	GAG	243	0.2299	0.1893	0
GAG_GypsySL_monotypic|Chr04_2s29	GAG	226	0.1475	0.0885	0
GAG_GypsySL_monotypic|Chr07_1s69	GAG	228	0.1265	0.0614	0
INT_CopiaSL_01	INT	257	0.1232	0.0	0
INT_CopiaSL_03	INT	260	0.2024	0.0	0
INT_CopiaSL_04	INT	257	0.2082	0.1089	0
INT_CopiaSL_05	INT	255	0.2452	0.0784	0
INT_CopiaSL_06	INT	124	0.4613	0.25	0
INT_CopiaSL_39	INT	251	0.0919	0.0	0
INT_CopiaSL_07	INT	256	0.1634	0.0	0
INT_CopiaSL_08	INT	257	0.233	0.0661	0
INT_CopiaSL_09	INT	256	0.188	0.0	0
INT_CopiaSL_10	INT	256	0.2405	0.0625	0
INT_CopiaSL_11	INT	258	0.2748	0.0775	0
INT_CopiaSL_12	INT	258	0.1549	0.0	0
INT_CopiaSL_13	INT	258	0.2728	0.1899	0
INT_CopiaSL_14	INT	259	0.1664	0.0695	0
INT_CopiaSL_15	INT	259	0.1521	0.0	0
INT_CopiaSL_16	INT	260	0.1457	0.0	0
INT_CopiaSL_17	INT	266	0.1904	0.0639	0
INT_CopiaSL_18	INT	167	0.3816	0.4311	0
INT_CopiaSL_19	INT	265	0.2072	0.0717	0
INT_CopiaSL_20	INT	267	0.165	0.0	0
INT_CopiaSL_21	INT	148	0.2058	0.0	0
INT_CopiaSL_22	INT	261	0.2226	0.1264	0
INT_CopiaSL_23	INT	210	0.1352	0.0	0
INT_CopiaSL_24	INT	163	0.2001	0.1288	0
INT_CopiaSL_25	INT	239	0.106	0.0	0
INT_CopiaSL_38	INT	226	0.1897	0.0	0
INT_CopiaSL_26	INT	123	0.1741	0.0	0
INT_CopiaSL_28	INT	249	0.1406	0.0	0
INT_CopiaSL_29	INT	253	0.1256	0.0	0
INT_CopiaSL_30	INT	261	0.1276	0.0	0
INT_CopiaSL_31	INT	261	0.151	0.0	0
INT_CopiaSL_32	INT	261	0.185	0.0	0
INT_CopiaSL_33	INT	260	0.1327	0.0	0
INT_CopiaSL_34	INT	260	0.1312	0.0	0
INT_CopiaSL_35	INT	257	0.1237	0.0	0
INT_CopiaSL_36	INT	150	0.1256	0.0	0
INT_CopiaSL_37	INT	258	0.0984	0.0	0
INT_CopiaSL_monotypic|Chr01_1s076	INT	258	0.4543	0.4651	0
INT_CopiaSL_monotypic|Chr01_1s215	INT	254	0.1215	0.0	0
INT_CopiaSL_monotypic|Chr01_1s357	INT	181	0.2342	0.0	0
INT_CopiaSL_monotypic|Chr01_1s365	INT	174	0.2724	0.0747	0
INT_CopiaSL_monotypic|Chr01_3s35	INT	258	0.14	0.0	0
INT_CopiaSL_monotypic|Chr02_1s25	INT	211	0.2338	0.1374	0
INT_CopiaSL_monotypic|Chr02_2s24	INT	258	0.1959	0.0	0
INT_CopiaSL_monotypic|Chr03_2s19	INT	151	0.1529	0.0	0
INT_CopiaSL_monotypic|Chr03_2s27	INT	166	0.1435	0.0	0
INT_CopiaSL_monotypic|Chr03_2s28	INT	257	0.3059	0.2412	0
INT_CopiaSL_monotypic|Chr03_2s30	INT	257	0.102	0.0	0
INT_CopiaSL_monotypic|Chr04_2s28	INT	243	0.3758	0.1934	0
INT_CopiaSL_monotypic|Chr04_2s41	INT	258	0.2072	0.0853	0
INT_CopiaSL_monotypic|Chr04_2s44	INT	114	0.1953	0.0	0
INT_CopiaSL_monotypic|Chr04_2s50	INT	128	0.3539	0.2109	0
INT_CopiaSL_monotypic|Chr04_2s65	INT	258	0.2352	0.0	0
INT_CopiaSL_monotypic|Chr05_2s14	INT	259	0.2425	0.0888	0
INT_CopiaSL_monotypic|Chr05_2s15	INT	142	0.2013	0.0	0
INT_CopiaSL_monotypic|Chr06_2s27	INT	258	0.2372	0.0775	0
INT_CopiaSL_monotypic|Chr07_1s01	INT	222	0.2013	0.0676	0
INT_CopiaSL_monotypic|Chr07_2s50	INT	229	0.184	0.0961	0
INT_CopiaSL_monotypic|Chr08_1s11	INT	112	0.2918	0.0	0
INT_CopiaSL_monotypic|Chr08_2s16	INT	121	0.2493	0.0	0
INT_CopiaSL_monotypic|Chr08_2s63	INT	201	0.1987	0.0	0
INT_CopiaSL_monotypic|Chr08_2s69	INT	202	0.1229	0.0	0
INT_CopiaSL_monotypic|Chr08_2s97	INT	129	0.1539	0.0	0
INT_CopiaSL_monotypic|Chr09_1s65	INT	234	0.3242	0.1966	0
INT_CopiaSL_monotypic|Chr10_2s56	INT	257	0.1673	0.0	0
INT_CopiaSL_monotypic|Chr10_2s65	INT	249	0.2893	0.253	0
INT_CopiaSL_monotypic|Chr11_1s37	INT	257	0.1455	0.0	0
INT_CopiaSL_monotypic|Chr11_2s25	INT	256	0.2239	0.1094	0
INT_CopiaSL_monotypic|Chr11_2s29	INT	257	0.2818	0.1946	0
INT_CopiaSL_monotypic|Chr11_2s38	INT	253	0.3171	0.2253	0
INT_CopiaSL_monotypic|Chr11_2s39	INT	160	0.5076	0.6125	0
INT_CopiaSL_monotypic|Chr12_1s32	INT	142	0.2287	0.2394	0
INT_CopiaSL_monotypic|Chr12_1s59	INT	218	0.1686	0.0	0
INT_CopiaSL_monotypic|Chr12_2s11	INT	254	0.1371	0.0	0
INT_CopiaSL_monotypic|Chr12_2s29	INT	139	0.1842	0.0	0
INT_GypsySL_01	INT	339	0.0636	0.0	0
INT_GypsySL_02	INT	343	0.0862	0.0	0
INT_GypsySL_03	INT	340	0.0748	0.0	0
INT_GypsySL_04	INT	332	0.0971	0.0	0
INT_GypsySL_05	INT	343	0.0644	0.0	0
INT_GypsySL_06	INT	350	0.0854	0.0	0
INT_GypsySL_07	INT	340	0.1185	0.0	0
INT_GypsySL_08	INT	290	0.131	0.0655	0
INT_GypsySL_09	INT	244	0.0937	0.0	0
INT_GypsySL_10	INT	347	0.0972	0.0	0
INT_GypsySL_11	INT	343	0.1559	0.0554	0
INT_GypsySL_12	INT	155	0.0955	0.0	0
INT_GypsySL_monotypic|Chr02_1s41	INT	339	0.1069	0.0	0
INT_GypsySL_monotypic|Chr03_1s33	INT	338	0.1387	0.0	0
INT_GypsySL_monotypic|Chr04_2s29	INT	343	0.1135	0.0	0
INT_GypsySL_monotypic|Chr08_2s54	INT	338	0.1068	0.0	0
INT_GypsySL_monotypic|Chr12_1s55	INT	336	0.0964	0.0	0
RNaseH_CopiaSL_01	RNaseH	151	0.1741	0.0	0
RNaseH_CopiaSL_03	RNaseH	193	0.1075	0.0	0
RNaseH_CopiaSL_04	RNaseH	152	0.1909	0.0	0
RNaseH_CopiaSL_05	RNaseH	149	0.2501	0.1275	0
RNaseH_CopiaSL_06	RNaseH	193	0.0964	0.0	0
RNaseH_CopiaSL_39	RNaseH	193	0.1124	0.0	0
RNaseH_CopiaSL_07	RNaseH	179	0.096	0.0	0
RNaseH_CopiaSL_08	RNaseH	186	0.1279	0.0	0
RNaseH_CopiaSL_09	RNaseH	193	0.1429	0.0	0
RNaseH_CopiaSL_10	RNaseH	176	0.1138	0.0	0
RNaseH_CopiaSL_12	RNaseH	192	0.1859	0.0	0
RNaseH_CopiaSL_13	RNaseH	190	0.0743	0.0	0
RNaseH_CopiaSL_14	RNaseH	192	0.1077	0.0	0
RNaseH_CopiaSL_15	RNaseH	125	0.1353	0.0	0
RNaseH_CopiaSL_16	RNaseH	190	0.11	0.0	0
RNaseH_CopiaSL_17	RNaseH	151	0.1372	0.0	0
RNaseH_CopiaSL_18	RNaseH	151	0.2533	0.1192	0
RNaseH_CopiaSL_19	RNaseH	151	0.2518	0.0	0
RNaseH_CopiaSL_20	RNaseH	142	0.1482	0.0	0
RNaseH_CopiaSL_21	RNaseH	151	0.2186	0.1325	0
RNaseH_CopiaSL_22	RNaseH	172	0.174	0.0	0
RNaseH_CopiaSL_23	RNaseH	152	0.1478	0.1118	0
RNaseH_CopiaSL_24	RNaseH	56	0.4239	0.0	0
RNaseH_CopiaSL_25	RNaseH	200	0.1653	0.0	0
RNaseH_CopiaSL_38	RNaseH	198	0.1178	0.0	0
RNaseH_CopiaSL_26	RNaseH	152	0.1744	0.1053	0
RNaseH_CopiaSL_27	RNaseH	91	0.4195	0.1538	0
RNaseH_CopiaSL_28	RNaseH	138	0.2911	0.1667	0
RNaseH_CopiaSL_29	RNaseH	154	0.181	0.0	0
RNaseH_CopiaSL_31	RNaseH	151	0.1904	0.1192	0
RNaseH_CopiaSL_33	RNaseH	151	0.2679	0.2848	0
RNaseH_CopiaSL_36	RNaseH	148	0.1133	0.0	0
RNaseH_CopiaSL_37	RNaseH	148	0.1887	0.0946	0
RNaseH_CopiaSL_monotypic|Chr01_1s076	RNaseH	153	0.1298	0.0	0
RNaseH_CopiaSL_monotypic|Chr01_1s215	RNaseH	102	0.2785	0.1667	0
RNaseH_CopiaSL_monotypic|Chr01_1s357	RNaseH	151	0.2242	0.1192	0
RNaseH_CopiaSL_monotypic|Chr01_1s365	RNaseH	152	0.1787	0.0	0
RNaseH_CopiaSL_monotypic|Chr01_3s35	RNaseH	153	0.228	0.085	0
RNaseH_CopiaSL_monotypic|Chr02_1s25	RNaseH	94	0.2828	0.1596	0
RNaseH_CopiaSL_monotypic|Chr02_2s24	RNaseH	101	0.1917	0.0	0
RNaseH_CopiaSL_monotypic|Chr03_2s27	RNaseH	155	0.1157	0.0	0
RNaseH_CopiaSL_monotypic|Chr03_2s28	RNaseH	190	0.1323	0.0	0
RNaseH_CopiaSL_monotypic|Chr03_2s30	RNaseH	93	0.4295	0.3763	0
RNaseH_CopiaSL_monotypic|Chr04_2s28	RNaseH	153	0.2977	0.3007	0
RNaseH_CopiaSL_monotypic|Chr04_2s41	RNaseH	192	0.1046	0.0	0
RNaseH_CopiaSL_monotypic|Chr04_2s44	RNaseH	135	0.1969	0.0	0
RNaseH_CopiaSL_monotypic|Chr04_2s50	RNaseH	71	0.1615	0.0	0
RNaseH_CopiaSL_monotypic|Chr05_2s14	RNaseH	141	0.1955	0.0	0
RNaseH_CopiaSL_monotypic|Chr05_2s15	RNaseH	66	0.5573	1.0	0
RNaseH_CopiaSL_monotypic|Chr07_1s01	RNaseH	152	0.1978	0.1184	0
RNaseH_CopiaSL_monotypic|Chr07_2s50	RNaseH	150	0.2349	0.2133	0
RNaseH_CopiaSL_monotypic|Chr08_1s11	RNaseH	150	0.3282	0.3067	0
RNaseH_CopiaSL_monotypic|Chr08_2s16	RNaseH	71	0.1399	0.0	0
RNaseH_CopiaSL_monotypic|Chr08_2s63	RNaseH	172	0.1658	0.0	0
RNaseH_CopiaSL_monotypic|Chr08_2s69	RNaseH	181	0.2418	0.0	0
RNaseH_CopiaSL_monotypic|Chr08_2s97	RNaseH	197	0.061	0.0	0
RNaseH_CopiaSL_monotypic|Chr09_1s65	RNaseH	191	0.1314	0.0	0
RNaseH_CopiaSL_monotypic|Chr10_1s50	RNaseH	199	0.0617	0.0	0
RNaseH_CopiaSL_monotypic|Chr10_2s56	RNaseH	152	0.1362	0.0	0
RNaseH_CopiaSL_monotypic|Chr10_2s65	RNaseH	190	0.1156	0.0	0
RNaseH_CopiaSL_monotypic|Chr11_1s37	RNaseH	178	0.1658	0.0	0
RNaseH_CopiaSL_monotypic|Chr11_2s25	RNaseH	106	0.0954	0.0	0
RNaseH_CopiaSL_monotypic|Chr11_2s29	RNaseH	73	0.0968	0.0	0
RNaseH_CopiaSL_monotypic|Chr11_2s38	RNaseH	115	0.1709	0.0	0
RNaseH_CopiaSL_monotypic|Chr12_1s32	RNaseH	151	0.1534	0.0993	0
RNaseH_CopiaSL_monotypic|Chr12_1s59	RNaseH	175	0.1208	0.0	0
RNaseH_CopiaSL_monotypic|Chr12_2s11	RNaseH	150	0.1193	0.0	0
RNaseH_CopiaSL_monotypic|Chr12_2s29	RNaseH	143	0.3995	0.2657	0
RNaseH_GypsySL_01	RNaseH	117	0.087	0.0	0
RNaseH_GypsySL_02	RNaseH	115	0.0976	0.0	0
RNaseH_GypsySL_03	RNaseH	115	0.0949	0.0	0
RNaseH_GypsySL_04	RNaseH	63	0.2405	0.0	0
RNaseH_GypsySL_05	RNaseH	117	0.0887	0.0	0
RNaseH_GypsySL_06	RNaseH	123	0.1006	0.0	0
RNaseH_GypsySL_07	RNaseH	113	0.1275	0.0	0
RNaseH_GypsySL_08	RNaseH	115	0.1455	0.0	0
RNaseH_GypsySL_09	RNaseH	72	0.2295	0.0	0
RNaseH_GypsySL_10	RNaseH	117	0.2163	0.0	0
RNaseH_GypsySL_11	RNaseH	115	0.1624	0.0	0
RNaseH_GypsySL_12	RNaseH	70	0.1596	0.0	0
RNaseH_GypsySL_monotypic|Chr02_1s41	RNaseH	113	0.1137	0.0	0
RNaseH_GypsySL_monotypic|Chr03_1s10	RNaseH	115	0.1248	0.0	0
RNaseH_GypsySL_monotypic|Chr03_1s33	RNaseH	113	0.0936	0.0	0
RNaseH_GypsySL_monotypic|Chr07_1s69	RNaseH	83	0.251	0.0	0
RNaseH_GypsySL_monotypic|Chr08_2s54	RNaseH	118	0.1134	0.0	0
RNaseH_GypsySL_monotypic|Chr12_1s55	RNaseH	117	0.1265	0.0	0
CHR_GypsySL_01	CHR	49	0.4365	1.0	0
CHR_GypsySL_02	CHR	51	0.3751	1.0	0
CHR_GypsySL_03	CHR	49	0.2671	0.0	0
CHR_GypsySL_05	CHR	51	0.1659	0.0	0
CHR_GypsySL_07	CHR	49	0.1817	0.0	0
CHR_GypsySL_08	CHR	53	0.1664	0.0	0
CHR_GypsySL_09	CHR	49	0.3955	1.0	0
CHR_GypsySL_10	CHR	53	0.2372	0.0	0
CHR_GypsySL_11	CHR	51	0.1705	0.0	0
CHR_GypsySL_monotypic|Chr02_1s41	CHR	52	0.1924	0.0	0
CHR_GypsySL_monotypic|Chr03_1s10	CHR	42	0.2054	0.0	0
CHR_GypsySL_monotypic|Chr03_1s33	CHR	41	0.3688	0.0	0
CHR_GypsySL_monotypic|Chr04_2s29	CHR	48	0.2399	0.0	0
CHR_GypsySL_monotypic|Chr07_1s69	CHR	51	0.135	0.0	0
CHR_GypsySL_monotypic|Chr12_1s55	CHR	49	0.2028	0.0	0
